Product Name,Category,Region,Quantity,Sales,Profit
Mouse,Accessories,East,3,3474,565.0
Monitor,Accessories,South,8,1296,273.97
Tablet,Electronics,North,9,9234,2523.67
Headphones,Accessories,South,7,3941,628.96
Keyboard,Accessories,East,6,6372,570.75
Mouse,Accessories,North,8,6600,360.45
Headphones,Accessories,North,8,1240,251.2
Camera,Electronics,North,7,2723,638.26
Headphones,Accessories,North,2,2150,625.93
Mouse,Accessories,South,9,9378,1740.97
Printer,Office,East,6,6108,1488.4
Laptop,Electronics,North,9,711,200.11
Camera,Electronics,West,2,1686,146.39
Mouse,Accessories,East,5,3745,720.08
Laptop,Electronics,South,5,3625,563.95
Printer,Office,North,1,232,34.26
Smartphone,Electronics,South,3,2031,466.25
Tablet,Electronics,North,3,3183,358.87
Printer,Office,East,4,1412,150.13
Mouse,Accessories,South,1,71,12.02
Headphones,Accessories,South,5,3290,797.82
Smartphone,Electronics,South,7,3983,360.13
Tablet,Electronics,West,7,7623,1459.84
Laptop,Electronics,South,8,2928,663.54
Monitor,Accessories,West,5,4690,706.74
Smartwatch,Electronics,North,3,2412,640.35
Camera,Electronics,West,7,6076,788.14
Headphones,Accessories,North,1,951,127.58
Headphones,Accessories,West,4,1728,239.64
Keyboard,Accessories,West,3,2529,169.6
Headphones,Accessories,West,4,3036,511.69
Smartphone,Electronics,East,3,2139,422.52
Tablet,Electronics,North,7,2751,548.05
Printer,Office,North,1,1016,171.31
Headphones,Accessories,South,6,738,158.96
Printer,Office,West,7,5635,1185.97
Laptop,Electronics,South,1,379,84.38
Smartwatch,Electronics,East,8,3048,444.3
Printer,Office,West,1,349,42.05
Smartphone,Electronics,East,2,1668,470.42
Mouse,Accessories,East,7,3843,378.03
Tablet,Electronics,South,2,1916,503.83
Monitor,Accessories,West,2,1924,434.86
Headphones,Accessories,South,8,4904,520.74
Printer,Office,West,3,2817,588.47
Camera,Electronics,South,7,3059,873.5
Tablet,Electronics,North,9,2205,410.01
Monitor,Accessories,North,4,1060,213.05
Tablet,Electronics,North,7,3584,940.88
Printer,Office,East,7,5957,1433.85
Tablet,Electronics,East,3,1767,186.54
Printer,Office,North,4,4428,600.55
Smartphone,Electronics,North,3,231,36.73
Laptop,Electronics,West,9,7650,2130.82
Keyboard,Accessories,East,9,7425,1533.72
Smartwatch,Electronics,West,3,1308,197.6
Printer,Office,West,2,2238,294.54
Mouse,Accessories,South,4,1316,244.13
Headphones,Accessories,West,4,2384,577.26
Printer,Office,East,1,1146,152.79
Keyboard,Accessories,South,1,466,102.48
Printer,Office,South,3,222,50.28
Printer,Office,East,7,3780,351.51
Tablet,Electronics,North,6,5640,856.44
Keyboard,Accessories,East,1,717,137.27
Mouse,Accessories,East,1,745,151.22
Monitor,Accessories,West,5,4880,1250.66
Monitor,Accessories,North,5,5500,1230.98
Smartphone,Electronics,North,4,3668,839.4
Camera,Electronics,South,4,4700,619.26
Mouse,Accessories,East,8,1896,448.53
Printer,Office,West,1,684,170.36
Monitor,Accessories,East,1,513,87.58
Camera,Electronics,East,9,8055,2300.17
Tablet,Electronics,South,6,3702,407.34
Tablet,Electronics,South,7,2758,520.66
Printer,Office,South,4,1028,192.13
Keyboard,Accessories,South,2,1860,327.15
Camera,Electronics,East,7,1169,264.37
Smartwatch,Electronics,East,8,4792,511.97
Monitor,Accessories,North,6,6192,717.46
Smartphone,Electronics,North,9,6606,759.55
Smartwatch,Electronics,East,9,5337,1575.99
Laptop,Electronics,South,1,288,61.85
Headphones,Accessories,South,7,4186,655.53
Printer,Office,East,6,2100,202.86
Headphones,Accessories,West,6,5982,944.81
Monitor,Accessories,South,7,4088,230.43
Printer,Office,East,1,498,58.3
Printer,Office,North,2,1268,141.76
Monitor,Accessories,South,6,3672,1002.5
Tablet,Electronics,North,5,400,86.52
Headphones,Accessories,East,1,966,202.53
Smartwatch,Electronics,South,5,1295,104.26
Mouse,Accessories,North,6,606,104.52
Smartphone,Electronics,West,3,1830,403.42
Laptop,Electronics,North,8,8192,1822.87
Monitor,Accessories,South,1,940,120.35
Printer,Office,South,2,2224,116.47
Camera,Electronics,South,4,4056,1189.26
Smartphone,Electronics,East,7,2968,728.94
Mouse,Accessories,South,8,2112,418.58
Mouse,Accessories,West,1,1033,302.68
Smartwatch,Electronics,North,7,3255,814.85
Camera,Electronics,South,8,5352,1133.57
Smartwatch,Electronics,East,5,4405,450.83
Tablet,Electronics,South,4,1252,326.69
Smartphone,Electronics,West,2,1438,315.83
Camera,Electronics,South,2,1580,403.76
Smartphone,Electronics,South,6,3366,460.75
Laptop,Electronics,North,8,7064,1873.02
Mouse,Accessories,South,1,1159,344.22
Camera,Electronics,West,2,1716,368.06
Smartwatch,Electronics,East,3,315,61.94
Monitor,Accessories,North,8,1800,494.02
Tablet,Electronics,East,8,6728,1140.19
Keyboard,Accessories,East,3,1422,328.98
Tablet,Electronics,West,8,5416,297.5
Keyboard,Accessories,West,2,2116,159.3
Keyboard,Accessories,West,1,930,222.5
Laptop,Electronics,North,8,2880,315.87
Printer,Office,North,1,686,86.18
Printer,Office,West,8,3952,451.08
Monitor,Accessories,South,3,3075,804.06
Keyboard,Accessories,South,3,1950,211.16
Monitor,Accessories,South,6,1716,302.09
Smartwatch,Electronics,North,3,531,73.35
Keyboard,Accessories,West,5,4550,1039.34
Tablet,Electronics,North,5,855,217.16
Tablet,Electronics,West,5,595,121.11
Printer,Office,West,1,184,50.19
Monitor,Accessories,North,6,5022,291.89
Smartwatch,Electronics,North,2,522,52.73
Keyboard,Accessories,East,7,7819,1708.84
Monitor,Accessories,South,7,980,109.94
Smartwatch,Electronics,West,7,1806,129.6
Smartphone,Electronics,East,7,4529,273.97
Smartwatch,Electronics,East,3,1410,232.65
Laptop,Electronics,North,9,1350,189.13
Camera,Electronics,North,4,4648,689.85
Printer,Office,East,9,4212,552.96
Camera,Electronics,West,3,1038,219.69
Headphones,Accessories,North,8,456,74.99
Tablet,Electronics,East,7,8337,753.35
Printer,Office,West,9,7290,841.07
Tablet,Electronics,South,2,294,35.05
Laptop,Electronics,North,4,3384,947.52
Tablet,Electronics,South,6,1944,366.18
Headphones,Accessories,East,9,4914,1160.45
Headphones,Accessories,North,3,3051,201.26
Smartwatch,Electronics,North,4,2136,217.47
Camera,Electronics,West,4,1848,374.66
Laptop,Electronics,West,3,2703,609.75
Printer,Office,South,2,1518,262.65
Printer,Office,North,4,2804,391.59
Camera,Electronics,South,4,528,152.8
Tablet,Electronics,West,4,3452,560.31
Mouse,Accessories,North,6,1512,423.03
Camera,Electronics,West,4,3812,312.8
Laptop,Electronics,South,8,1840,461.21
Mouse,Accessories,West,9,7362,1866.65
Mouse,Accessories,South,4,1156,326.92
Camera,Electronics,North,2,1312,386.79
Smartphone,Electronics,West,2,2260,268.47
Tablet,Electronics,North,1,502,92.31
Smartwatch,Electronics,North,3,1890,492.31
Monitor,Accessories,West,4,1672,432.35
Tablet,Electronics,South,1,702,129.34
Mouse,Accessories,West,5,5890,309.0
Tablet,Electronics,East,5,5495,1276.27
Keyboard,Accessories,East,1,582,29.91
Tablet,Electronics,West,1,908,222.58
Mouse,Accessories,West,6,5622,1382.67
Monitor,Accessories,West,1,442,82.73
Tablet,Electronics,West,7,2282,537.71
Laptop,Electronics,West,5,3165,895.33
Printer,Office,South,7,3675,227.14
Monitor,Accessories,North,5,2880,209.58
Monitor,Accessories,South,6,4236,739.22
Mouse,Accessories,West,9,3186,483.22
Headphones,Accessories,East,3,3519,935.72
Keyboard,Accessories,West,7,2597,152.09
Smartwatch,Electronics,East,3,1452,217.06
Smartphone,Electronics,West,1,632,81.54
Mouse,Accessories,East,4,4404,793.7
Mouse,Accessories,East,4,2532,404.96
Keyboard,Accessories,West,7,1351,310.03
Printer,Office,North,3,2571,510.01
Tablet,Electronics,West,2,2132,365.44
Keyboard,Accessories,North,4,2724,229.47
Keyboard,Accessories,North,4,904,108.85
Headphones,Accessories,South,2,956,202.14
Laptop,Electronics,West,8,1392,190.99
Headphones,Accessories,East,6,1530,218.99
Printer,Office,North,2,1796,225.15
Camera,Electronics,North,3,2181,517.02
Keyboard,Accessories,North,3,633,162.4
Headphones,Accessories,North,7,952,215.51
Printer,Office,North,7,3297,583.86
Headphones,Accessories,North,4,1872,448.46
Smartphone,Electronics,East,7,5180,463.35
Monitor,Accessories,East,6,5370,1501.06
Printer,Office,South,2,1570,247.7
Smartphone,Electronics,North,6,3456,307.46
Smartphone,Electronics,West,6,7128,544.54
Camera,Electronics,South,1,189,19.02
Smartwatch,Electronics,East,9,3132,443.27
Laptop,Electronics,South,7,5285,1338.58
Keyboard,Accessories,North,4,2040,393.72
Tablet,Electronics,East,5,3530,803.86
Mouse,Accessories,West,6,3522,626.72
Printer,Office,East,7,637,68.11
Tablet,Electronics,East,5,3735,957.13
Laptop,Electronics,North,4,296,65.05
Laptop,Electronics,North,2,594,172.47
Keyboard,Accessories,South,4,2188,265.54
Camera,Electronics,South,3,1377,330.44
Keyboard,Accessories,North,1,158,46.24
Mouse,Accessories,East,3,2172,364.77
Camera,Electronics,North,7,5439,1416.62
Headphones,Accessories,West,3,2529,285.65
Tablet,Electronics,West,1,105,27.36
Keyboard,Accessories,South,9,1764,417.95
Laptop,Electronics,West,9,3078,285.05
Monitor,Accessories,West,3,2610,740.21
Mouse,Accessories,East,5,5615,715.58
Printer,Office,South,5,5515,330.02
Smartwatch,Electronics,South,1,495,55.17
Smartwatch,Electronics,West,6,5310,1099.84
Camera,Electronics,East,1,706,153.59
Monitor,Accessories,West,4,2368,361.02
Smartwatch,Electronics,West,2,1750,103.99
Laptop,Electronics,South,3,723,115.25
Keyboard,Accessories,East,6,6780,1794.97
Printer,Office,West,8,5168,672.6
Monitor,Accessories,North,3,1245,119.11
Laptop,Electronics,East,5,1160,227.13
Camera,Electronics,East,6,5316,782.42
Smartphone,Electronics,North,5,4255,961.41
Camera,Electronics,North,1,812,51.13
Keyboard,Accessories,West,8,3216,639.78
Smartphone,Electronics,North,4,2640,183.23
Keyboard,Accessories,West,3,438,67.43
Keyboard,Accessories,West,3,1983,453.09
Mouse,Accessories,East,2,1128,94.13
Camera,Electronics,North,4,1728,403.06
Keyboard,Accessories,East,5,875,96.65
Tablet,Electronics,East,7,847,147.71
Tablet,Electronics,South,3,2508,431.53
Headphones,Accessories,East,5,4920,323.38
Smartwatch,Electronics,North,4,3380,211.72
Headphones,Accessories,North,1,445,128.89
Mouse,Accessories,South,5,4200,746.86
Mouse,Accessories,West,1,104,29.67
Camera,Electronics,South,9,9810,1666.96
Keyboard,Accessories,North,9,8370,1525.8
Laptop,Electronics,South,5,4635,769.03
Headphones,Accessories,South,5,270,29.41
Keyboard,Accessories,East,4,3524,998.29
Camera,Electronics,South,2,840,153.61
Tablet,Electronics,West,6,3450,705.74
Printer,Office,South,3,1611,234.84
Headphones,Accessories,South,7,7616,1317.79
Smartphone,Electronics,West,4,2428,485.75
Camera,Electronics,East,5,4485,1324.49
Smartphone,Electronics,North,8,6200,1296.84
Headphones,Accessories,East,9,5283,1550.3
Monitor,Accessories,South,8,1064,190.73
Mouse,Accessories,North,3,369,19.22
Headphones,Accessories,North,2,2258,175.86
Camera,Electronics,West,2,1416,136.75
Keyboard,Accessories,South,4,3496,1032.81
Smartwatch,Electronics,East,1,897,250.78
Keyboard,Accessories,North,7,7679,2270.08
Camera,Electronics,West,9,3699,276.07
Camera,Electronics,East,6,5154,1072.8
Smartphone,Electronics,South,2,1298,204.08
Tablet,Electronics,South,5,1760,272.68
Tablet,Electronics,North,7,1841,496.89
Smartwatch,Electronics,West,8,608,163.18
Smartwatch,Electronics,North,2,2298,343.53
Printer,Office,South,7,5740,1615.9
Laptop,Electronics,East,3,1758,245.92
Tablet,Electronics,East,8,2080,151.14
Camera,Electronics,East,3,1107,65.88
Printer,Office,South,2,1774,322.49
Smartwatch,Electronics,North,2,474,120.91
Printer,Office,East,5,5405,326.56
Printer,Office,North,2,606,154.99
Mouse,Accessories,North,2,1168,172.18
Mouse,Accessories,West,5,5430,310.86
Printer,Office,West,8,7944,1142.83
Mouse,Accessories,West,6,6516,842.83
Keyboard,Accessories,South,1,657,101.85
Mouse,Accessories,West,7,8008,1593.65
Keyboard,Accessories,South,1,189,14.88
Tablet,Electronics,South,3,2103,541.35
Smartwatch,Electronics,South,6,4374,702.62
Smartwatch,Electronics,East,9,5526,595.28
Tablet,Electronics,North,3,1233,361.12
Printer,Office,South,5,5410,1129.77
Tablet,Electronics,East,8,2912,451.97
Printer,Office,North,3,1254,221.19
Headphones,Accessories,North,3,288,77.38
Mouse,Accessories,East,7,5047,1356.23
Headphones,Accessories,West,4,4108,462.17
Monitor,Accessories,South,3,1833,314.79
Headphones,Accessories,South,8,904,181.45
Printer,Office,East,4,2796,682.65
Keyboard,Accessories,South,1,419,108.36
Mouse,Accessories,South,5,1210,201.45
Keyboard,Accessories,West,3,2067,465.39
Keyboard,Accessories,East,4,3528,411.5
Monitor,Accessories,West,2,170,48.69
Keyboard,Accessories,East,1,236,29.33
Headphones,Accessories,East,4,388,35.21
Smartwatch,Electronics,North,6,1242,87.37
Smartwatch,Electronics,South,4,4560,507.87
Smartphone,Electronics,East,9,9117,1780.52
Mouse,Accessories,East,6,4302,957.38
Mouse,Accessories,South,3,1446,356.7
Printer,Office,West,2,2070,183.41
Headphones,Accessories,East,5,4295,414.42
Mouse,Accessories,West,1,916,223.5
Smartphone,Electronics,East,9,8145,2384.42
Camera,Electronics,North,5,410,121.77
Headphones,Accessories,South,9,4752,1415.65
Laptop,Electronics,South,4,260,66.02
Smartwatch,Electronics,North,2,1756,165.6
Mouse,Accessories,South,5,3135,787.7
Tablet,Electronics,East,7,896,219.98
Mouse,Accessories,East,8,4088,853.36
Laptop,Electronics,East,9,8496,2182.42
Smartwatch,Electronics,North,7,1519,403.63
Keyboard,Accessories,South,3,1674,499.63
Tablet,Electronics,West,9,3321,689.64
Mouse,Accessories,South,5,1465,424.64
Mouse,Accessories,East,9,7884,2054.02
Laptop,Electronics,South,3,3285,292.87
Keyboard,Accessories,East,8,3208,840.97
Laptop,Electronics,East,1,166,9.69
Smartwatch,Electronics,South,6,6624,1136.09
Mouse,Accessories,East,4,840,190.13
Smartwatch,Electronics,East,1,890,57.04
Camera,Electronics,East,2,1236,120.74
Headphones,Accessories,South,1,977,103.82
Laptop,Electronics,North,4,328,90.89
Keyboard,Accessories,North,6,6192,316.23
Camera,Electronics,East,6,1728,307.44
Camera,Electronics,West,8,968,271.61
Mouse,Accessories,North,6,4488,939.05
Keyboard,Accessories,West,4,616,175.75
Camera,Electronics,South,5,4280,540.47
Smartwatch,Electronics,North,5,4505,1351.28
Tablet,Electronics,East,1,631,99.31
Smartphone,Electronics,West,8,2680,598.97
Keyboard,Accessories,West,7,3654,670.16
Printer,Office,West,8,432,98.44
Keyboard,Accessories,East,5,1000,292.04
Headphones,Accessories,West,2,1098,239.92
Headphones,Accessories,East,4,2160,631.9
Printer,Office,South,7,2338,531.5
Smartphone,Electronics,East,1,300,45.81
Laptop,Electronics,East,2,358,51.75
Monitor,Accessories,East,6,7140,869.93
Smartphone,Electronics,South,2,1102,176.53
Mouse,Accessories,South,7,1428,289.65
Camera,Electronics,East,6,996,225.75
Laptop,Electronics,South,5,5700,999.26
Tablet,Electronics,South,9,5850,1511.06
Camera,Electronics,East,9,2691,761.16
Laptop,Electronics,East,4,1076,124.56
Smartwatch,Electronics,West,1,946,280.53
Laptop,Electronics,West,2,432,81.31
Printer,Office,East,7,5649,660.37
Smartphone,Electronics,East,2,606,150.95
Laptop,Electronics,East,1,403,72.45
Camera,Electronics,East,4,3368,558.93
Keyboard,Accessories,North,5,3835,229.11
Camera,Electronics,West,8,6336,439.42
Monitor,Accessories,East,6,4944,1335.04
Smartwatch,Electronics,East,1,1001,225.75
Headphones,Accessories,South,8,584,107.27
Keyboard,Accessories,North,2,712,205.53
Tablet,Electronics,East,3,2508,631.85
Smartphone,Electronics,North,1,161,36.58
Smartphone,Electronics,North,2,1270,229.39
Laptop,Electronics,West,8,4624,1313.36
Monitor,Accessories,West,2,1476,195.74
Printer,Office,South,5,3340,845.53
Mouse,Accessories,North,2,596,41.37
Keyboard,Accessories,North,7,3962,491.9
Laptop,Electronics,East,9,8010,763.32
Camera,Electronics,South,6,2982,445.01
Headphones,Accessories,South,1,134,33.12
Keyboard,Accessories,South,5,1455,423.81
Smartphone,Electronics,East,6,612,83.75
Keyboard,Accessories,West,6,3150,498.63
Headphones,Accessories,West,3,312,74.8
Tablet,Electronics,North,6,4332,348.61
Laptop,Electronics,East,4,2896,522.82
Printer,Office,North,8,5616,723.42
Mouse,Accessories,South,1,1162,220.93
Smartwatch,Electronics,North,2,1708,93.25
Monitor,Accessories,North,3,726,94.38
Smartphone,Electronics,West,2,1232,155.52
Smartphone,Electronics,East,7,7567,2213.18
Camera,Electronics,West,6,4296,1240.31
Printer,Office,East,5,4880,1084.69
Printer,Office,West,9,10656,961.3
Camera,Electronics,South,1,1193,153.72
Monitor,Accessories,East,8,2240,313.17
Tablet,Electronics,West,2,1166,170.11
Tablet,Electronics,East,5,480,73.07
Tablet,Electronics,South,5,5865,502.73
Printer,Office,West,9,7506,827.17
Camera,Electronics,South,8,728,120.06
Tablet,Electronics,North,3,2007,160.84
Camera,Electronics,East,9,8586,700.37
Camera,Electronics,South,5,4540,939.71
Mouse,Accessories,East,3,1662,375.04
Smartphone,Electronics,North,1,1184,218.27
Monitor,Accessories,West,8,6160,684.71
Monitor,Accessories,East,7,7791,907.96
Printer,Office,East,7,5635,1665.01
Smartwatch,Electronics,East,1,483,98.15
Monitor,Accessories,North,7,7588,1625.55
Headphones,Accessories,East,3,1992,252.21
Camera,Electronics,North,2,520,61.33
Mouse,Accessories,South,5,5070,986.39
Laptop,Electronics,East,9,963,49.71
Keyboard,Accessories,East,4,2284,576.59
Printer,Office,West,3,1563,221.62
Camera,Electronics,South,1,873,158.97
Headphones,Accessories,West,3,1083,257.44
Smartwatch,Electronics,South,2,390,115.48
Smartwatch,Electronics,South,1,263,69.39
Mouse,Accessories,North,7,7469,589.81
Mouse,Accessories,North,8,2760,156.53
Camera,Electronics,West,2,1492,276.56
Monitor,Accessories,South,2,2314,305.42
Monitor,Accessories,North,8,3032,278.85
Keyboard,Accessories,West,5,5755,1441.84
Smartwatch,Electronics,East,7,2688,603.07
Smartwatch,Electronics,South,3,2187,491.13
Camera,Electronics,East,9,5634,464.71
Headphones,Accessories,North,3,2256,282.52
Tablet,Electronics,West,2,1768,375.86
Smartwatch,Electronics,East,3,1692,348.81
Mouse,Accessories,West,4,1208,351.47
Printer,Office,West,6,2604,305.73
Smartwatch,Electronics,South,4,2128,614.05
Headphones,Accessories,West,5,4025,407.72
Laptop,Electronics,East,2,646,110.13
Keyboard,Accessories,South,8,2128,294.45
Keyboard,Accessories,North,2,1608,170.29
Keyboard,Accessories,East,2,1270,84.29
Camera,Electronics,West,5,250,16.81
Monitor,Accessories,North,2,1214,163.8
Printer,Office,West,2,1874,271.5
Smartphone,Electronics,North,6,4596,1162.75
Printer,Office,South,1,1148,89.04
Camera,Electronics,North,3,924,183.18
Headphones,Accessories,East,4,1964,349.91
Printer,Office,North,1,985,105.09
Laptop,Electronics,South,7,4641,1341.98
Monitor,Accessories,East,9,4968,991.82
Laptop,Electronics,North,9,8460,1201.94
Keyboard,Accessories,West,2,486,64.43
Printer,Office,North,4,3600,623.72
Printer,Office,South,4,1612,240.42
Monitor,Accessories,East,4,2604,411.38
Camera,Electronics,South,8,8720,1984.11
Smartwatch,Electronics,West,8,4288,597.09
Keyboard,Accessories,South,1,713,62.78
Laptop,Electronics,West,8,5272,1188.16
Printer,Office,East,1,1118,319.28
Tablet,Electronics,East,9,4041,963.58
Smartphone,Electronics,West,5,2385,258.6
Monitor,Accessories,North,9,6471,1844.59
Smartwatch,Electronics,West,7,1673,458.32
Headphones,Accessories,East,4,3912,454.89
Smartphone,Electronics,North,3,1674,106.24
Keyboard,Accessories,East,8,8240,2006.72
Monitor,Accessories,South,3,1872,553.1
Headphones,Accessories,North,1,465,26.5
Monitor,Accessories,East,3,2139,503.08
Monitor,Accessories,South,6,7020,726.72
Printer,Office,North,2,112,23.33
Headphones,Accessories,North,2,1022,76.04
Mouse,Accessories,West,8,6080,1171.93
Tablet,Electronics,West,7,847,154.05
Smartwatch,Electronics,East,7,4396,962.61
Mouse,Accessories,West,6,5460,845.75
Smartwatch,Electronics,East,9,1998,343.58
Camera,Electronics,East,5,4235,747.96
Keyboard,Accessories,North,3,942,84.8
Monitor,Accessories,North,8,7728,1748.26
Tablet,Electronics,East,6,3432,452.4
Tablet,Electronics,East,9,5031,1149.48
Smartphone,Electronics,South,9,6417,1100.52
Laptop,Electronics,West,3,3561,206.87
Smartwatch,Electronics,South,4,3236,655.18
Keyboard,Accessories,South,8,1952,444.15
Mouse,Accessories,East,8,416,67.81
Smartphone,Electronics,East,9,3951,908.13
Monitor,Accessories,East,8,2384,444.98
Smartphone,Electronics,West,7,4438,770.3
Camera,Electronics,North,5,4045,203.35
Tablet,Electronics,West,8,1688,337.33
Monitor,Accessories,West,9,2988,447.93
Tablet,Electronics,East,2,846,145.09
Headphones,Accessories,North,8,2416,403.38
Tablet,Electronics,East,5,5160,698.15
Keyboard,Accessories,North,9,5004,1313.13
Printer,Office,North,3,168,45.31
Monitor,Accessories,West,3,3018,320.11
Smartwatch,Electronics,South,9,3429,998.82
Laptop,Electronics,North,9,9621,1201.29
Keyboard,Accessories,South,7,4039,420.29
Keyboard,Accessories,East,7,3997,494.78
Printer,Office,West,3,2547,300.74
Monitor,Accessories,West,8,1272,344.45
Headphones,Accessories,East,9,4221,912.84
Smartwatch,Electronics,North,8,4456,1106.04
Monitor,Accessories,South,4,984,157.72
Smartphone,Electronics,North,3,1119,108.68
Mouse,Accessories,North,1,739,111.18
Laptop,Electronics,North,1,651,57.94
Laptop,Electronics,South,3,1275,168.64
Smartwatch,Electronics,West,4,1680,385.92
Printer,Office,North,6,6444,518.79
Laptop,Electronics,North,6,5310,637.81
Headphones,Accessories,North,5,2240,159.58
Keyboard,Accessories,South,1,166,31.97
Mouse,Accessories,South,5,5730,310.58
Monitor,Accessories,West,4,200,20.25
Smartphone,Electronics,South,4,3520,417.26
Tablet,Electronics,South,9,3096,505.08
Camera,Electronics,North,5,5305,1389.25
Smartphone,Electronics,West,8,8032,1987.82
Smartphone,Electronics,North,3,2655,646.91
Smartwatch,Electronics,North,3,2193,521.14
Mouse,Accessories,East,9,6705,1283.78
Mouse,Accessories,West,5,855,67.57
Camera,Electronics,North,3,2910,765.47
Mouse,Accessories,South,5,3910,584.77
Monitor,Accessories,North,9,4230,221.06
Laptop,Electronics,North,8,8192,2081.72
Headphones,Accessories,East,4,1372,274.47
Camera,Electronics,South,3,777,71.72
Camera,Electronics,West,3,1848,549.34
Headphones,Accessories,North,7,2261,566.36
Keyboard,Accessories,East,9,6507,1045.14
Headphones,Accessories,South,2,2046,394.93
Smartwatch,Electronics,West,2,2314,600.76
Mouse,Accessories,South,3,3504,807.65
Smartwatch,Electronics,South,8,3520,359.84
Monitor,Accessories,East,1,195,57.88
Keyboard,Accessories,South,4,3352,663.15
Printer,Office,South,7,7868,862.38
Laptop,Electronics,East,9,10728,1967.84
Camera,Electronics,North,8,2592,191.66
Smartwatch,Electronics,West,5,990,87.61
Camera,Electronics,West,2,1414,308.39
Tablet,Electronics,West,5,5645,1320.86
Keyboard,Accessories,West,9,8163,2352.46
Laptop,Electronics,North,6,1266,220.5
Keyboard,Accessories,South,4,468,131.48
Keyboard,Accessories,South,9,1881,430.78
Monitor,Accessories,North,6,558,57.01
Headphones,Accessories,South,3,1617,440.46
Keyboard,Accessories,South,3,2010,387.31
Monitor,Accessories,North,4,1100,127.13
Smartphone,Electronics,East,8,8896,1825.26
Keyboard,Accessories,East,9,8640,1963.34
Printer,Office,West,3,258,38.03
Monitor,Accessories,South,6,4566,866.13
Tablet,Electronics,West,6,3402,501.29
Smartwatch,Electronics,North,8,1864,110.81
Smartphone,Electronics,West,1,1104,277.85
Headphones,Accessories,West,9,4041,517.23
Monitor,Accessories,East,8,7040,996.02
Laptop,Electronics,South,1,1028,240.61
Printer,Office,North,5,1255,257.15
Camera,Electronics,North,6,4410,893.27
Headphones,Accessories,North,8,920,214.27
Camera,Electronics,North,5,3475,570.36
Keyboard,Accessories,North,6,3816,623.78
Smartwatch,Electronics,North,5,1025,262.91
Laptop,Electronics,East,5,4170,786.42
Camera,Electronics,South,3,594,47.73
Headphones,Accessories,North,3,1098,144.24
Smartwatch,Electronics,South,9,9729,2039.41
Monitor,Accessories,North,6,5916,544.59
Keyboard,Accessories,West,8,4752,1124.22
Keyboard,Accessories,East,7,497,76.31
Smartphone,Electronics,East,5,3940,755.11
Keyboard,Accessories,East,1,911,155.3
Smartwatch,Electronics,East,6,5292,1105.95
Smartphone,Electronics,West,7,4417,495.37
Camera,Electronics,South,6,4260,504.82
Mouse,Accessories,South,7,3395,1012.78
Camera,Electronics,North,9,513,151.87
Smartwatch,Electronics,West,9,8802,2519.93
Smartphone,Electronics,East,7,4032,742.98
Headphones,Accessories,West,4,3408,856.98
Keyboard,Accessories,South,5,940,56.7
Monitor,Accessories,South,4,1332,342.85
Smartphone,Electronics,South,5,765,157.64
Smartwatch,Electronics,North,1,663,183.82
Camera,Electronics,East,1,569,138.11
Smartwatch,Electronics,West,2,128,8.33
Printer,Office,North,9,7740,605.35
Smartwatch,Electronics,North,2,2370,641.23
Tablet,Electronics,East,4,4120,710.07
Camera,Electronics,North,2,644,45.72
Tablet,Electronics,West,5,5090,1201.56
Printer,Office,South,2,2016,426.43
Mouse,Accessories,South,4,2912,331.11
Printer,Office,West,1,473,43.65
Tablet,Electronics,South,2,2392,483.39
Laptop,Electronics,South,8,1880,486.88
Camera,Electronics,South,6,2604,566.34
Keyboard,Accessories,North,1,868,60.12
Camera,Electronics,West,6,2706,766.68
Monitor,Accessories,South,4,464,47.93
Mouse,Accessories,East,8,6056,1631.71
Tablet,Electronics,South,3,2067,479.39
Smartphone,Electronics,West,1,1041,132.46
Monitor,Accessories,East,3,936,88.51
Tablet,Electronics,South,6,4152,1065.46
Camera,Electronics,East,9,1080,183.42
Camera,Electronics,West,9,10017,1468.72
Smartwatch,Electronics,West,9,3321,540.67
Headphones,Accessories,West,3,2535,292.19
Monitor,Accessories,East,1,847,146.25
Smartwatch,Electronics,West,5,3945,392.09
Headphones,Accessories,North,3,2274,442.57
Tablet,Electronics,West,6,1494,269.25
Headphones,Accessories,North,3,2712,751.52
Keyboard,Accessories,North,1,358,77.84
Monitor,Accessories,East,5,3645,388.31
Mouse,Accessories,West,3,1278,178.78
Printer,Office,South,4,1304,336.95
Camera,Electronics,South,6,828,47.91
Keyboard,Accessories,East,8,7064,745.24
Smartwatch,Electronics,South,8,7600,788.88
Smartwatch,Electronics,North,5,4420,380.69
Camera,Electronics,South,1,54,13.29
Mouse,Accessories,South,6,3384,924.03
Smartphone,Electronics,North,8,3168,747.33
Monitor,Accessories,South,7,1204,317.12
Headphones,Accessories,North,8,5640,747.26
Headphones,Accessories,East,5,1620,325.87
Keyboard,Accessories,South,1,1157,252.08
Printer,Office,North,2,954,71.0
Headphones,Accessories,East,3,3339,732.92
Mouse,Accessories,West,5,3405,476.39
Laptop,Electronics,North,6,3294,359.61
Monitor,Accessories,West,7,1554,370.97
Printer,Office,West,1,75,19.29
Monitor,Accessories,South,8,9296,2581.06
Mouse,Accessories,South,6,1758,262.36
Headphones,Accessories,West,1,423,115.44
Laptop,Electronics,South,4,2008,338.44
Monitor,Accessories,North,5,1850,534.39
Printer,Office,South,6,4434,306.63
Headphones,Accessories,South,7,7763,1444.27
Headphones,Accessories,North,2,178,31.46
Keyboard,Accessories,West,5,4200,330.48
Tablet,Electronics,North,4,1428,160.54
Keyboard,Accessories,West,6,6834,1418.21
Laptop,Electronics,West,5,4380,275.84
Smartphone,Electronics,East,9,2718,271.51
Smartwatch,Electronics,West,5,1045,89.0
Mouse,Accessories,East,4,392,39.23
Smartphone,Electronics,South,5,2665,369.73
Mouse,Accessories,South,1,1187,206.28
Tablet,Electronics,West,5,1635,321.84
Laptop,Electronics,South,5,4445,642.83
Tablet,Electronics,South,2,358,41.46
Smartwatch,Electronics,South,3,375,80.58
Smartwatch,Electronics,North,9,7128,457.11
Laptop,Electronics,North,9,1809,392.44
Mouse,Accessories,North,9,3384,252.11
Camera,Electronics,North,7,1085,130.72
Smartwatch,Electronics,West,5,2455,714.35
Keyboard,Accessories,South,6,7056,1445.01
Laptop,Electronics,North,9,7497,2241.59
Tablet,Electronics,North,8,480,132.45
Smartphone,Electronics,North,3,3408,727.26
Monitor,Accessories,West,3,1479,207.58
Camera,Electronics,West,6,4800,930.44
Tablet,Electronics,East,2,1486,201.07
Smartwatch,Electronics,West,2,2362,185.89
Camera,Electronics,East,2,1310,212.43
Camera,Electronics,North,5,5070,889.97
Monitor,Accessories,West,7,1876,129.25
Tablet,Electronics,South,2,960,124.02
Smartwatch,Electronics,West,6,7026,1814.21
Mouse,Accessories,North,9,2763,458.4
Printer,Office,South,7,4823,420.58
Keyboard,Accessories,West,2,1312,344.0
Camera,Electronics,South,3,285,38.37
Mouse,Accessories,North,7,5789,950.45
Headphones,Accessories,East,6,5874,1386.51
Monitor,Accessories,West,5,4435,355.51
Camera,Electronics,North,1,699,108.94
Tablet,Electronics,South,2,1300,267.46
Printer,Office,South,8,2592,432.37
Monitor,Accessories,West,5,4880,664.06
Laptop,Electronics,South,6,2658,200.79
Camera,Electronics,South,9,4941,894.52
Monitor,Accessories,West,9,5796,1729.18
Tablet,Electronics,North,7,4102,354.03
Camera,Electronics,West,9,1557,117.36
Laptop,Electronics,North,4,2276,399.94
Tablet,Electronics,West,8,2296,560.48
Smartphone,Electronics,East,9,2466,638.41
Headphones,Accessories,North,2,634,161.1
Monitor,Accessories,South,2,2060,517.64
Printer,Office,East,1,1029,173.61
Smartphone,Electronics,East,6,6780,811.92
Smartphone,Electronics,North,3,2652,161.67
Tablet,Electronics,South,9,7362,441.36
Printer,Office,West,5,1205,235.19
Mouse,Accessories,West,8,4928,1038.18
Smartwatch,Electronics,North,2,1062,83.49
Headphones,Accessories,South,3,2658,175.89
Mouse,Accessories,South,7,4340,383.9
Keyboard,Accessories,West,3,1875,152.07
Smartphone,Electronics,South,2,970,262.19
Camera,Electronics,South,6,1218,129.36
Printer,Office,North,9,5454,385.51
Laptop,Electronics,South,4,1088,295.09
Camera,Electronics,North,9,9657,1187.22
Headphones,Accessories,East,2,2046,233.47
Camera,Electronics,South,4,3840,552.57
Mouse,Accessories,East,1,763,217.94
Camera,Electronics,East,5,3670,924.95
Smartphone,Electronics,South,4,3868,819.26
Camera,Electronics,North,5,4930,387.33
Tablet,Electronics,South,1,552,115.74
Keyboard,Accessories,West,2,1816,129.24
Monitor,Accessories,East,5,3850,419.55
Smartphone,Electronics,West,2,1668,437.3
Headphones,Accessories,South,9,4797,1193.95
Camera,Electronics,North,4,4716,1084.16
Mouse,Accessories,North,2,632,87.45
Keyboard,Accessories,South,5,1090,140.7
Smartphone,Electronics,West,4,3892,1052.72
Laptop,Electronics,West,1,1126,194.08
Smartphone,Electronics,North,7,6020,384.74
Monitor,Accessories,North,3,3153,563.56
Laptop,Electronics,South,4,1372,302.58
Monitor,Accessories,North,8,1224,281.43
Tablet,Electronics,East,2,2314,312.07
Tablet,Electronics,North,3,774,212.02
Printer,Office,East,2,2080,450.24
Laptop,Electronics,East,4,1628,314.96
Mouse,Accessories,West,1,509,103.28
Tablet,Electronics,South,4,2104,308.0
Camera,Electronics,West,4,3720,410.92
Tablet,Electronics,East,3,369,36.07
Smartwatch,Electronics,West,8,520,30.58
Smartwatch,Electronics,South,2,2044,460.03
Keyboard,Accessories,North,2,1160,206.49
Printer,Office,North,5,1230,158.23
Tablet,Electronics,South,4,1900,372.18
Smartwatch,Electronics,North,9,10251,737.45
Monitor,Accessories,West,2,222,23.65
Smartphone,Electronics,East,4,3364,527.28
Monitor,Accessories,North,2,1538,97.15
Smartwatch,Electronics,North,4,1440,200.09
Keyboard,Accessories,South,5,2895,334.35
Smartphone,Electronics,East,5,1520,433.53
Tablet,Electronics,West,5,1185,254.34
Headphones,Accessories,West,8,7576,1703.42
Monitor,Accessories,North,9,1341,150.7
Keyboard,Accessories,East,9,9810,549.46
Keyboard,Accessories,South,7,798,219.2
Monitor,Accessories,South,6,1440,130.4
Mouse,Accessories,West,8,1608,464.18
Smartwatch,Electronics,East,3,3108,220.97
Mouse,Accessories,East,2,442,28.13
Camera,Electronics,South,7,5971,502.14
Smartphone,Electronics,West,2,966,241.54
Tablet,Electronics,East,7,2646,380.83
Printer,Office,West,3,3111,382.52
Printer,Office,North,2,180,10.78
Monitor,Accessories,North,8,9056,2281.97
Monitor,Accessories,East,1,1117,119.89
Laptop,Electronics,South,4,628,156.98
Smartwatch,Electronics,East,6,2472,363.38
Laptop,Electronics,West,5,4580,1148.06
Printer,Office,West,4,700,120.19
Headphones,Accessories,North,2,978,210.75
Smartwatch,Electronics,North,1,758,96.44
Headphones,Accessories,East,9,6822,1811.37
Smartphone,Electronics,North,4,2432,657.18
Mouse,Accessories,West,3,2250,301.97
Smartwatch,Electronics,West,4,972,97.55
Keyboard,Accessories,North,1,644,49.25
Smartwatch,Electronics,West,5,1840,307.09
Laptop,Electronics,West,3,873,57.42
Smartwatch,Electronics,North,9,5004,973.65
Monitor,Accessories,North,7,826,101.01
Smartwatch,Electronics,South,5,4935,625.39
Camera,Electronics,North,6,4680,932.97
Camera,Electronics,East,6,6768,1851.01
Mouse,Accessories,South,8,4248,831.54
Headphones,Accessories,South,7,6895,1596.35
Smartphone,Electronics,East,8,9208,2595.33
Smartwatch,Electronics,West,5,3170,379.27
Smartwatch,Electronics,East,2,502,137.4
Smartwatch,Electronics,West,6,5712,638.29
Printer,Office,West,4,3432,364.27
Keyboard,Accessories,North,7,3752,835.34
Mouse,Accessories,East,6,1824,213.47
Monitor,Accessories,North,3,1050,292.64
Keyboard,Accessories,East,7,2436,715.14
Mouse,Accessories,East,6,4260,372.33
Keyboard,Accessories,East,5,1020,162.36
Mouse,Accessories,South,7,770,129.11
Headphones,Accessories,West,2,1090,296.12
Smartwatch,Electronics,North,9,2952,605.85
Printer,Office,East,5,3085,413.52
Tablet,Electronics,West,7,2611,539.37
Smartphone,Electronics,East,9,7425,1580.86
Smartphone,Electronics,East,8,4576,900.04
Headphones,Accessories,West,8,5712,1191.02
Tablet,Electronics,West,6,5706,1306.92
Mouse,Accessories,North,3,453,89.49
Camera,Electronics,South,9,8127,1906.5
Laptop,Electronics,East,7,1750,90.21
Smartwatch,Electronics,East,2,2216,650.27
Smartwatch,Electronics,East,5,1440,274.54
Camera,Electronics,South,9,4698,1262.47
Smartphone,Electronics,South,9,4536,479.78
Keyboard,Accessories,West,3,2082,346.53
Headphones,Accessories,North,6,1068,190.77
Mouse,Accessories,South,1,272,45.33
Camera,Electronics,North,5,410,40.96
Laptop,Electronics,East,8,4624,893.74
Smartphone,Electronics,East,3,411,55.73
Headphones,Accessories,South,2,574,38.52
Printer,Office,West,6,3774,606.94
Monitor,Accessories,South,2,1504,164.51
Mouse,Accessories,East,3,2688,476.77
Monitor,Accessories,South,6,6834,1211.75
Camera,Electronics,East,7,6797,665.29
Headphones,Accessories,South,9,9810,1008.6
Printer,Office,South,3,3330,503.85
Tablet,Electronics,East,2,1748,506.52
Smartwatch,Electronics,West,2,1518,87.6
Tablet,Electronics,South,8,9392,891.07
Laptop,Electronics,North,8,7544,1219.73
Tablet,Electronics,West,5,325,21.01
Mouse,Accessories,South,7,7805,1078.03
Headphones,Accessories,North,6,1716,108.81
Tablet,Electronics,North,9,1404,89.43
Tablet,Electronics,North,4,4240,251.46
Tablet,Electronics,West,4,3932,309.43
Mouse,Accessories,North,1,1140,117.05
Monitor,Accessories,North,5,3625,268.73
Mouse,Accessories,West,8,1192,289.91
Monitor,Accessories,South,9,873,82.35
Camera,Electronics,North,1,722,49.7
Smartwatch,Electronics,West,1,243,21.75
Headphones,Accessories,South,9,4176,510.97
Monitor,Accessories,East,9,9657,1233.47
Smartwatch,Electronics,North,7,7154,1177.51
Headphones,Accessories,East,1,441,102.42
Tablet,Electronics,East,9,720,192.83
Smartwatch,Electronics,East,8,456,90.24
Keyboard,Accessories,North,2,1170,249.99
Printer,Office,West,8,4200,1017.94
Smartphone,Electronics,East,1,593,133.01
Headphones,Accessories,North,1,987,207.69
Smartwatch,Electronics,West,8,8768,1065.8
Camera,Electronics,West,1,354,65.99
Smartwatch,Electronics,North,9,5202,1271.47
Keyboard,Accessories,South,8,7864,1615.58
Keyboard,Accessories,East,1,750,37.97
Laptop,Electronics,West,2,2362,342.27
Camera,Electronics,South,2,1924,422.25
Tablet,Electronics,North,2,746,170.75
Laptop,Electronics,East,6,1398,180.88
Mouse,Accessories,North,3,2982,452.22
Mouse,Accessories,North,6,4056,815.1
Smartphone,Electronics,West,8,4240,519.72
Laptop,Electronics,North,3,1950,116.12
Printer,Office,West,1,98,28.57
Printer,Office,West,8,1376,152.1
Laptop,Electronics,East,8,9304,1855.7
Smartphone,Electronics,North,9,9360,910.35
Monitor,Accessories,West,1,312,43.01
Monitor,Accessories,South,2,1046,273.38
Smartwatch,Electronics,South,9,6435,1096.88
Smartphone,Electronics,East,8,6056,1029.9
Laptop,Electronics,West,5,4405,1247.86
Smartwatch,Electronics,East,8,1280,131.56
Monitor,Accessories,South,5,2180,400.01
Keyboard,Accessories,South,7,7672,896.11
Mouse,Accessories,North,7,5957,1077.86
Keyboard,Accessories,West,9,10035,1486.3
Smartphone,Electronics,South,3,987,97.01
Tablet,Electronics,West,4,1004,240.13
Smartwatch,Electronics,South,7,4270,1197.44
Mouse,Accessories,West,6,3186,841.04
Tablet,Electronics,South,5,4170,658.98
Keyboard,Accessories,North,3,2400,297.07
Headphones,Accessories,West,6,2640,668.12
Printer,Office,West,3,3186,527.75
Laptop,Electronics,North,4,4048,641.23
Printer,Office,East,9,1260,246.6
Smartwatch,Electronics,East,1,498,38.67
Keyboard,Accessories,East,3,1263,368.46
Smartphone,Electronics,East,6,480,131.08
Mouse,Accessories,West,4,2536,148.85
Printer,Office,South,1,668,94.08
Tablet,Electronics,North,6,6402,1366.28
Smartphone,Electronics,East,6,3288,249.02
Monitor,Accessories,North,5,3570,517.82
Tablet,Electronics,South,5,620,62.49
Tablet,Electronics,East,1,120,9.43
Monitor,Accessories,East,5,5180,726.62
Smartwatch,Electronics,South,7,2324,611.7
Camera,Electronics,North,3,2859,404.56
Headphones,Accessories,South,5,2025,295.13
Tablet,Electronics,South,8,408,83.16
Printer,Office,West,5,265,53.21
Tablet,Electronics,West,7,2506,537.98
Monitor,Accessories,South,5,1350,198.19
Keyboard,Accessories,West,9,2817,432.67
Printer,Office,South,5,4750,1179.56
Smartphone,Electronics,West,7,1400,80.49
Smartwatch,Electronics,West,8,6488,1845.07
Smartwatch,Electronics,South,6,5580,394.03
Monitor,Accessories,West,7,3619,827.39
Headphones,Accessories,South,8,9224,514.06
Tablet,Electronics,East,7,4669,1088.15
Smartwatch,Electronics,South,4,2008,451.68
Tablet,Electronics,South,7,4466,763.14
Keyboard,Accessories,North,7,1274,317.92
Keyboard,Accessories,South,1,711,158.89
Laptop,Electronics,East,9,4860,1425.54
Tablet,Electronics,East,6,3396,987.68
Headphones,Accessories,East,4,3168,939.45
Smartphone,Electronics,North,2,744,110.81
Smartphone,Electronics,West,8,544,40.78
Keyboard,Accessories,North,5,365,94.05
Tablet,Electronics,West,5,3415,496.48
Printer,Office,East,6,3222,846.27
Smartwatch,Electronics,West,2,1200,191.43
Printer,Office,South,9,7452,1259.82
Monitor,Accessories,East,6,6522,502.98
Mouse,Accessories,South,9,657,109.39
Smartphone,Electronics,East,1,1131,304.62
Smartphone,Electronics,North,1,636,42.4
Smartwatch,Electronics,North,4,2200,484.33
Laptop,Electronics,West,4,4196,655.29
Smartphone,Electronics,West,1,954,48.97
Mouse,Accessories,West,3,375,107.26
Tablet,Electronics,East,2,952,112.39
Keyboard,Accessories,West,8,9296,1556.05
Monitor,Accessories,West,7,8176,2308.76
Tablet,Electronics,South,1,1179,159.42
Laptop,Electronics,West,9,2493,696.69
Headphones,Accessories,West,4,3616,745.75
Tablet,Electronics,West,1,1178,182.76
Headphones,Accessories,South,3,2025,403.0
Keyboard,Accessories,South,9,10629,2843.54
Smartphone,Electronics,North,5,590,52.55
Printer,Office,East,2,124,27.42
Smartwatch,Electronics,West,7,595,148.5
Smartwatch,Electronics,South,9,7182,461.61
Laptop,Electronics,South,7,1477,367.22
Keyboard,Accessories,East,8,5784,1276.57
Keyboard,Accessories,East,4,1516,256.96
Smartphone,Electronics,North,9,7146,2125.44
Smartwatch,Electronics,East,1,379,42.24
Monitor,Accessories,East,4,1080,204.95
Smartphone,Electronics,North,4,3640,695.31
Mouse,Accessories,North,2,2344,385.19
Headphones,Accessories,South,2,1242,191.82
Laptop,Electronics,West,8,664,126.6
Headphones,Accessories,South,2,1210,268.37
Mouse,Accessories,South,6,2940,609.99
Tablet,Electronics,East,4,1360,373.59
Smartphone,Electronics,East,9,6102,947.91
Headphones,Accessories,South,3,3546,490.28
Smartwatch,Electronics,South,6,3504,980.7
Monitor,Accessories,West,9,6993,1945.56
Camera,Electronics,South,7,3444,607.44
Laptop,Electronics,East,1,735,139.31
Headphones,Accessories,South,5,4680,516.26
Headphones,Accessories,North,9,7992,1979.53
Keyboard,Accessories,East,9,1467,372.17
Headphones,Accessories,East,1,307,80.19
Smartphone,Electronics,West,1,877,110.99
Headphones,Accessories,North,1,1030,190.47
Mouse,Accessories,East,7,1197,106.53
Mouse,Accessories,West,6,3660,1079.0
Mouse,Accessories,South,2,1446,403.89
Headphones,Accessories,South,4,2500,467.34
Laptop,Electronics,South,8,3136,494.26
Smartwatch,Electronics,West,9,5382,1037.04
Smartwatch,Electronics,South,5,1570,312.81
Smartphone,Electronics,South,9,4527,677.34
Mouse,Accessories,East,2,630,144.14
Printer,Office,West,7,2471,566.51
Headphones,Accessories,West,2,2018,227.75
Tablet,Electronics,North,2,1298,239.45
Laptop,Electronics,West,8,9512,663.23
Laptop,Electronics,East,7,945,75.21
Mouse,Accessories,East,4,2580,669.67
Monitor,Accessories,North,5,490,55.59
Smartphone,Electronics,East,8,5496,1104.93
Smartphone,Electronics,South,1,325,46.84
Tablet,Electronics,West,2,702,112.04
Headphones,Accessories,South,9,8667,781.78
Laptop,Electronics,South,8,2584,568.77
Headphones,Accessories,East,6,5298,1209.88
Headphones,Accessories,North,6,5628,1033.15
Smartphone,Electronics,West,5,390,27.77
Laptop,Electronics,North,3,3024,622.29
Keyboard,Accessories,South,1,361,58.8
Headphones,Accessories,South,7,462,56.89
Laptop,Electronics,North,1,290,61.14
Keyboard,Accessories,West,7,6552,635.09
Smartphone,Electronics,North,2,1614,331.3
Smartphone,Electronics,West,4,3732,468.6
Tablet,Electronics,North,8,4064,543.9
Mouse,Accessories,East,6,2742,334.48
Camera,Electronics,North,6,3822,388.34
Headphones,Accessories,South,1,355,26.8
Printer,Office,North,2,212,13.4
Headphones,Accessories,South,3,1392,345.78
Tablet,Electronics,West,5,3380,287.05
Mouse,Accessories,East,5,4350,688.77
Printer,Office,South,9,7029,1005.58
Camera,Electronics,West,7,5572,690.68
Smartphone,Electronics,South,5,950,61.9
Keyboard,Accessories,North,6,5232,1270.64
Printer,Office,West,3,936,201.24
Monitor,Accessories,West,8,6968,1226.22
Tablet,Electronics,South,1,400,45.16
Camera,Electronics,South,7,7518,1655.91
Printer,Office,South,3,2523,506.7
Mouse,Accessories,South,9,7875,1243.56
Keyboard,Accessories,North,2,794,128.5
Keyboard,Accessories,North,9,4221,1238.6
Mouse,Accessories,North,1,564,164.5
Laptop,Electronics,East,5,660,90.86
Monitor,Accessories,East,4,2436,142.81
Camera,Electronics,East,3,447,58.4
Printer,Office,East,6,4464,1122.37
Monitor,Accessories,North,7,7812,1478.43
Smartwatch,Electronics,East,3,1242,206.74
Keyboard,Accessories,South,4,2108,375.62
Tablet,Electronics,East,4,2940,566.36
Smartphone,Electronics,East,5,1365,310.66
Smartphone,Electronics,South,4,4056,768.81
Laptop,Electronics,West,2,1562,119.56
Camera,Electronics,East,8,7528,1283.07
Camera,Electronics,West,7,6937,1753.02
Tablet,Electronics,South,8,3488,943.25
Smartwatch,Electronics,South,3,432,36.84
Smartwatch,Electronics,West,6,6792,1787.97
Monitor,Accessories,West,7,6384,734.79
Printer,Office,North,4,1016,269.88
Smartphone,Electronics,East,1,393,41.05
Camera,Electronics,East,2,1986,208.88
Tablet,Electronics,West,6,6324,629.2
Tablet,Electronics,North,6,5940,318.72
Smartphone,Electronics,North,8,4096,266.35
Headphones,Accessories,West,1,1086,161.05
Mouse,Accessories,North,3,2004,467.76
Smartwatch,Electronics,West,2,1158,227.61
Printer,Office,West,8,7072,2113.06
Monitor,Accessories,South,2,1234,257.89
Mouse,Accessories,North,5,3730,864.41
Monitor,Accessories,West,5,3170,868.34
Printer,Office,North,6,2910,173.45
Tablet,Electronics,South,6,3048,823.36
Keyboard,Accessories,North,1,163,22.07
Camera,Electronics,North,1,1163,115.09
Camera,Electronics,West,9,7083,560.88
Mouse,Accessories,East,6,1404,368.36
Headphones,Accessories,North,8,5432,1619.39
Mouse,Accessories,South,9,3186,583.24
Headphones,Accessories,North,7,3941,1113.85
Keyboard,Accessories,West,5,1405,194.33
Camera,Electronics,South,5,4470,526.96
Smartphone,Electronics,West,2,1514,180.67
Printer,Office,West,9,5904,1440.45
Mouse,Accessories,South,9,1773,168.01
Laptop,Electronics,West,9,9315,1808.68
Laptop,Electronics,West,4,3216,213.81
Printer,Office,North,4,544,67.84
Mouse,Accessories,East,4,316,77.13
Camera,Electronics,West,6,696,100.78
Monitor,Accessories,South,9,6588,1800.9
Laptop,Electronics,East,9,2655,701.11
Camera,Electronics,North,9,9180,2752.84
Printer,Office,West,6,6924,1693.77
Laptop,Electronics,East,9,8136,1923.89
Camera,Electronics,East,4,4416,1081.53
Printer,Office,South,6,5658,1504.97
Smartwatch,Electronics,South,1,563,46.96
Keyboard,Accessories,East,3,372,57.51
Camera,Electronics,West,5,5440,457.04
Laptop,Electronics,North,6,1092,63.98
Headphones,Accessories,East,4,3280,826.94
Monitor,Accessories,North,7,5131,368.11
Monitor,Accessories,West,2,828,50.07
Camera,Electronics,North,7,6853,1259.03
Camera,Electronics,South,5,905,70.91
Tablet,Electronics,West,3,2130,510.69
Headphones,Accessories,West,1,1055,88.61
Printer,Office,West,4,1116,242.31
Smartphone,Electronics,East,4,1932,472.91
Smartwatch,Electronics,North,4,4476,977.6
Headphones,Accessories,North,8,3832,741.44
Camera,Electronics,North,5,1580,166.16
Keyboard,Accessories,West,4,3732,671.19
Keyboard,Accessories,East,6,2262,442.86
Camera,Electronics,East,8,9392,2651.84
Laptop,Electronics,South,5,3985,824.4
Smartwatch,Electronics,North,3,2727,554.46
Smartwatch,Electronics,South,6,810,108.61
Mouse,Accessories,West,7,5327,950.7
Camera,Electronics,West,3,1722,203.04
Tablet,Electronics,West,1,853,97.5
Smartphone,Electronics,West,6,7014,1202.25
Smartphone,Electronics,East,6,2478,153.86
Printer,Office,North,5,2860,339.0
Mouse,Accessories,East,7,7966,955.8
Smartwatch,Electronics,West,2,1644,189.32
Mouse,Accessories,South,9,7938,1191.41
Headphones,Accessories,North,4,1664,190.82
Laptop,Electronics,East,3,426,50.8
Smartphone,Electronics,South,6,4872,612.73
Monitor,Accessories,East,7,7420,1107.31
Monitor,Accessories,South,8,928,170.05
Tablet,Electronics,South,5,2435,688.82
Laptop,Electronics,North,3,513,132.56
Camera,Electronics,West,9,6876,1895.24
Smartphone,Electronics,North,8,8896,1154.96
Printer,Office,East,2,1042,86.24
Mouse,Accessories,South,9,3411,444.87
Printer,Office,North,3,1674,435.95
Printer,Office,North,5,3765,670.8
Headphones,Accessories,West,7,4312,1088.34
Smartphone,Electronics,North,7,3038,570.98
Smartwatch,Electronics,East,2,1026,64.51
Tablet,Electronics,North,1,607,33.77
Printer,Office,South,5,3235,941.24
Smartwatch,Electronics,South,9,2718,195.97
Mouse,Accessories,North,4,2972,827.46
Camera,Electronics,East,2,2084,586.72
Monitor,Accessories,South,2,1706,184.71
Camera,Electronics,East,6,4542,1169.16
Printer,Office,North,6,4146,966.79
Smartphone,Electronics,North,4,1740,224.79
Laptop,Electronics,North,4,952,264.61
Mouse,Accessories,South,2,266,20.11
Monitor,Accessories,East,5,575,47.35
Laptop,Electronics,North,5,2410,636.83
Mouse,Accessories,West,7,4487,688.76
Headphones,Accessories,South,5,2820,737.68
Keyboard,Accessories,West,4,4152,317.28
Printer,Office,North,8,6936,1156.52
Laptop,Electronics,South,5,2365,667.61
Smartphone,Electronics,East,7,7238,1597.03
Headphones,Accessories,North,3,1830,183.62
Printer,Office,North,5,5960,1139.78
Printer,Office,West,4,1256,362.22
Laptop,Electronics,East,9,6345,1627.26
Smartwatch,Electronics,East,6,396,89.51
Laptop,Electronics,West,6,5448,963.82
Smartwatch,Electronics,West,9,10206,592.77
Headphones,Accessories,North,1,426,93.83
Smartphone,Electronics,East,7,3955,1144.76
Tablet,Electronics,East,1,169,22.99
Camera,Electronics,East,6,2562,612.36
Smartphone,Electronics,South,6,5604,615.07
Mouse,Accessories,West,3,1791,122.5
Monitor,Accessories,East,3,2964,446.54
Mouse,Accessories,West,9,8172,1296.29
Keyboard,Accessories,West,2,1512,298.73
Printer,Office,West,3,828,210.33
Smartphone,Electronics,West,6,1578,82.85
Mouse,Accessories,West,3,3348,331.28
Mouse,Accessories,East,6,4944,758.46
Mouse,Accessories,West,5,3350,986.33
Smartwatch,Electronics,North,7,5509,1648.74
Headphones,Accessories,West,7,1624,436.13
Smartphone,Electronics,North,8,4824,1187.93
Mouse,Accessories,East,4,1560,461.15
Laptop,Electronics,South,9,10620,2946.93
Printer,Office,West,9,7524,2017.85
Printer,Office,South,1,914,270.74
Mouse,Accessories,North,5,2735,483.2
Smartphone,Electronics,North,8,7664,1251.65
Printer,Office,North,4,3864,717.45
Mouse,Accessories,North,7,4676,242.64
Smartwatch,Electronics,East,6,648,62.25
Camera,Electronics,West,5,845,69.35
Monitor,Accessories,South,4,2836,698.83
Smartwatch,Electronics,East,7,6041,776.09
Smartwatch,Electronics,East,2,1378,183.1
Smartphone,Electronics,West,6,1956,434.03
Printer,Office,South,4,2440,410.86
Laptop,Electronics,West,5,4325,1023.39
Smartphone,Electronics,East,9,6903,837.35
Smartwatch,Electronics,North,4,508,37.94
Camera,Electronics,East,7,5159,755.22
Keyboard,Accessories,East,3,2412,468.27
Headphones,Accessories,South,4,3252,713.46
Smartwatch,Electronics,West,8,7072,1983.42
Tablet,Electronics,North,2,1212,151.07
Printer,Office,South,7,3528,260.06
Mouse,Accessories,South,5,5295,1375.98
Camera,Electronics,South,7,5621,1390.73
Headphones,Accessories,South,2,1574,196.84
Mouse,Accessories,West,8,6232,499.63
Keyboard,Accessories,North,4,1088,283.61
Camera,Electronics,West,2,1958,227.77
Camera,Electronics,West,3,225,20.52
Mouse,Accessories,South,8,7520,995.03
Printer,Office,East,4,1440,130.24
Camera,Electronics,West,7,5355,1143.16
Monitor,Accessories,North,5,5155,356.43
Tablet,Electronics,South,2,2212,145.75
Printer,Office,South,7,2443,661.21
Keyboard,Accessories,East,6,6432,807.94
Laptop,Electronics,North,2,330,66.57
Camera,Electronics,North,6,1836,508.81
Mouse,Accessories,West,4,864,251.99
Smartwatch,Electronics,East,2,2334,158.07
Headphones,Accessories,West,1,307,60.51
Smartwatch,Electronics,East,3,1533,440.88
Keyboard,Accessories,East,6,6900,1109.73
Monitor,Accessories,North,4,4064,771.16
Printer,Office,West,7,3185,765.41
Monitor,Accessories,West,5,1350,321.9
Smartphone,Electronics,South,3,582,48.08
Tablet,Electronics,East,2,858,73.49
Monitor,Accessories,West,7,8162,443.81
Mouse,Accessories,East,1,849,205.88
Keyboard,Accessories,West,2,1068,85.71
Smartphone,Electronics,East,7,5516,1475.67
Tablet,Electronics,North,2,1874,333.86
Smartphone,Electronics,South,4,3152,307.62
Camera,Electronics,South,3,3126,710.14
Camera,Electronics,South,3,1770,366.58
Printer,Office,West,2,2286,218.18
Smartphone,Electronics,North,5,4005,226.09
Laptop,Electronics,East,9,9225,2526.27
Headphones,Accessories,West,9,7776,677.74
Laptop,Electronics,South,5,880,255.9
Smartphone,Electronics,West,5,475,76.22
Laptop,Electronics,West,3,867,58.2
Printer,Office,West,6,4266,357.51
Laptop,Electronics,South,2,120,7.74
Laptop,Electronics,West,6,3096,277.68
Keyboard,Accessories,South,8,7968,1551.12
Keyboard,Accessories,North,8,5312,841.13
Monitor,Accessories,South,6,3888,275.72
Laptop,Electronics,North,4,2108,576.48
Headphones,Accessories,East,6,5358,568.34
Tablet,Electronics,North,9,8973,471.86
Tablet,Electronics,South,8,3896,735.66
Laptop,Electronics,West,5,4445,580.15
Camera,Electronics,West,5,2025,414.42
Printer,Office,North,8,6792,1125.23
Keyboard,Accessories,North,6,2508,480.48
Smartwatch,Electronics,West,6,1350,356.88
Monitor,Accessories,West,8,5384,724.8
Monitor,Accessories,West,7,5047,915.75
Headphones,Accessories,South,6,3048,842.24
Tablet,Electronics,East,4,3028,685.23
Headphones,Accessories,South,3,1785,93.17
Tablet,Electronics,North,1,797,65.27
Printer,Office,North,9,5904,1152.23
Monitor,Accessories,West,8,9056,1860.37
Smartphone,Electronics,West,2,1132,290.56
Monitor,Accessories,South,1,617,145.37
Tablet,Electronics,West,5,2595,774.2
Mouse,Accessories,South,2,2134,269.53
Keyboard,Accessories,North,7,3829,876.35
Mouse,Accessories,West,1,312,40.47
Laptop,Electronics,East,4,944,176.56
Printer,Office,West,2,146,15.48
Printer,Office,West,4,1100,100.02
Laptop,Electronics,East,9,4158,672.32
Printer,Office,South,3,1446,278.94
Tablet,Electronics,South,6,5952,971.53
Printer,Office,South,8,4696,410.03
Tablet,Electronics,North,7,6804,1383.81
Monitor,Accessories,West,6,3750,645.69
Camera,Electronics,South,8,2624,294.24
Laptop,Electronics,West,6,4302,276.35
Camera,Electronics,South,1,846,103.3
Smartphone,Electronics,East,1,464,66.26
Laptop,Electronics,West,1,589,158.85
Smartphone,Electronics,East,2,2042,501.34
Camera,Electronics,North,2,2134,119.89
Smartwatch,Electronics,West,3,1488,382.09
Printer,Office,North,9,7281,396.28
Headphones,Accessories,South,1,365,50.1
Headphones,Accessories,West,9,1899,501.4
Monitor,Accessories,North,5,3350,389.95
Camera,Electronics,West,4,1956,125.69
Keyboard,Accessories,West,7,4347,712.79
Smartwatch,Electronics,East,6,3324,466.78
Smartphone,Electronics,East,2,1180,261.16
Headphones,Accessories,East,9,2223,347.01
Printer,Office,East,6,3576,1033.3
Tablet,Electronics,North,4,4556,315.07
Printer,Office,North,5,1850,346.4
Camera,Electronics,South,8,1088,160.33
Tablet,Electronics,East,7,5572,385.82
Headphones,Accessories,East,8,4200,854.89
Camera,Electronics,East,4,4692,409.07
Laptop,Electronics,West,1,879,149.52
Tablet,Electronics,South,7,1421,248.02
Printer,Office,South,5,3025,172.43
Printer,Office,West,9,1764,322.11
Tablet,Electronics,South,2,344,80.87
Monitor,Accessories,West,6,2490,720.06
Tablet,Electronics,South,9,9423,2794.89
Keyboard,Accessories,North,1,947,77.21
Smartwatch,Electronics,South,9,8712,1034.27
Keyboard,Accessories,North,3,2118,321.05
Printer,Office,West,3,1893,508.8
Smartwatch,Electronics,South,9,5751,1196.23
Tablet,Electronics,West,6,606,127.68
Smartphone,Electronics,South,5,5930,1193.32
Tablet,Electronics,West,8,1184,148.69
Camera,Electronics,North,3,2805,749.5
Keyboard,Accessories,North,3,1644,158.32
Camera,Electronics,West,5,3665,406.93
Mouse,Accessories,West,3,1497,190.59
Smartphone,Electronics,North,6,4872,786.79
Printer,Office,North,5,1800,252.69
Monitor,Accessories,South,7,1309,138.46
Laptop,Electronics,East,1,920,98.31
Smartphone,Electronics,East,9,2034,593.13
Headphones,Accessories,North,3,2706,546.97
Smartwatch,Electronics,North,8,7264,1776.83
Keyboard,Accessories,West,4,4572,1038.05
Keyboard,Accessories,North,1,677,54.14
Camera,Electronics,South,1,1084,103.06
Camera,Electronics,South,7,3451,194.42
Mouse,Accessories,South,2,1672,469.64
Mouse,Accessories,East,4,4316,566.7
Camera,Electronics,North,7,6461,1455.36
Headphones,Accessories,South,8,5920,1241.27
Laptop,Electronics,West,7,2618,300.81
Smartphone,Electronics,East,1,266,55.52
Camera,Electronics,West,7,7455,966.64
Laptop,Electronics,East,8,1808,339.31
Smartphone,Electronics,East,2,1178,120.51
Printer,Office,North,3,2724,521.24
Tablet,Electronics,South,2,1298,123.9
Laptop,Electronics,South,9,5553,1432.76
Laptop,Electronics,West,2,2162,355.45
Smartwatch,Electronics,East,1,859,217.67
Printer,Office,North,6,6432,1410.52
Headphones,Accessories,South,6,5592,1294.16
Smartwatch,Electronics,North,1,387,99.59
Printer,Office,West,6,1608,302.32
Headphones,Accessories,West,3,2295,244.83
Headphones,Accessories,North,2,330,21.46
Smartwatch,Electronics,East,7,4298,358.38
Mouse,Accessories,West,1,333,72.34
Smartwatch,Electronics,West,1,835,131.7
Tablet,Electronics,West,2,390,103.99
Smartphone,Electronics,East,7,2317,677.61
Keyboard,Accessories,South,8,2960,878.11
Headphones,Accessories,East,5,2325,506.32
Laptop,Electronics,North,6,3924,762.96
Tablet,Electronics,North,8,1640,361.48
Camera,Electronics,South,4,1836,462.52
Monitor,Accessories,North,2,1026,226.4
Monitor,Accessories,West,9,945,94.75
Camera,Electronics,South,6,3660,675.38
Headphones,Accessories,North,1,68,10.39
Headphones,Accessories,North,2,2262,532.12
Camera,Electronics,North,8,7040,1969.93
Smartwatch,Electronics,North,8,9392,1753.08
Monitor,Accessories,West,9,10413,1738.63
Keyboard,Accessories,North,1,120,23.86
Laptop,Electronics,West,4,280,24.9
Headphones,Accessories,South,3,735,217.79
Headphones,Accessories,West,7,2457,388.11
Headphones,Accessories,South,4,200,58.42
Smartwatch,Electronics,West,3,1488,296.36
Mouse,Accessories,North,3,2994,638.59
Headphones,Accessories,West,5,1550,203.51
Monitor,Accessories,East,9,1719,251.85
Mouse,Accessories,East,2,1458,208.93
Laptop,Electronics,West,9,8802,1344.96
Headphones,Accessories,South,8,4136,810.82
Monitor,Accessories,West,5,4260,229.77
Smartwatch,Electronics,West,5,2480,601.66
Keyboard,Accessories,West,8,1176,313.58
Monitor,Accessories,West,4,3632,566.81
Laptop,Electronics,North,9,10773,1907.36
Tablet,Electronics,North,3,603,153.37
Smartphone,Electronics,South,4,4224,477.33
Monitor,Accessories,West,1,610,33.55
Camera,Electronics,West,7,6384,1324.49
Camera,Electronics,East,3,684,39.33
Smartwatch,Electronics,West,6,1008,245.45
Smartwatch,Electronics,North,4,652,116.06
Keyboard,Accessories,East,8,5768,368.49
Headphones,Accessories,South,5,4965,774.74
Mouse,Accessories,West,2,140,35.18
Tablet,Electronics,East,7,6209,402.78
Laptop,Electronics,West,6,5136,1225.4
Smartphone,Electronics,South,8,3312,811.31
Printer,Office,North,1,919,193.35
Monitor,Accessories,North,5,1015,85.06
Monitor,Accessories,North,5,2450,485.18
Mouse,Accessories,West,4,3876,302.37
Mouse,Accessories,North,7,4550,1077.8
Keyboard,Accessories,East,3,1119,317.36
Smartwatch,Electronics,East,2,1488,342.87
Monitor,Accessories,West,5,680,176.44
Tablet,Electronics,South,8,6328,1257.81
Monitor,Accessories,West,1,924,125.65
Smartwatch,Electronics,South,4,776,73.16
Tablet,Electronics,North,1,516,70.53
Smartphone,Electronics,East,7,5201,745.2
Smartwatch,Electronics,West,3,1497,122.76
Tablet,Electronics,West,1,496,146.92
Tablet,Electronics,South,7,2709,702.79
Tablet,Electronics,East,8,3864,855.75
Smartphone,Electronics,West,2,604,102.52
Printer,Office,South,7,1659,127.48
Keyboard,Accessories,South,2,1738,163.38
Smartwatch,Electronics,South,6,2610,434.37
Tablet,Electronics,South,3,3360,759.31
Headphones,Accessories,West,7,6811,1423.57
Printer,Office,East,4,3856,747.79
Laptop,Electronics,West,8,4544,727.05
Keyboard,Accessories,West,4,4740,746.77
Keyboard,Accessories,South,2,2016,198.26
Tablet,Electronics,North,3,2628,781.94
Keyboard,Accessories,South,9,6282,1594.61
Camera,Electronics,South,5,5155,1325.16
Smartphone,Electronics,West,9,9891,1774.03
Headphones,Accessories,South,7,1582,278.14
Camera,Electronics,East,7,4403,1295.89
Tablet,Electronics,North,3,3471,200.08
Printer,Office,North,2,466,25.04
Headphones,Accessories,West,4,2576,503.57
Camera,Electronics,South,7,3136,850.3
Keyboard,Accessories,North,2,686,85.03
Keyboard,Accessories,West,6,6744,660.47
Monitor,Accessories,East,4,596,105.89
Monitor,Accessories,North,4,1392,394.48
Mouse,Accessories,East,7,1722,414.87
Monitor,Accessories,South,3,2670,515.39
Laptop,Electronics,South,5,275,64.9
Camera,Electronics,West,3,417,114.42
Tablet,Electronics,South,2,1790,442.75
Camera,Electronics,West,8,8328,466.38
Laptop,Electronics,North,1,448,53.2
Headphones,Accessories,North,3,3021,872.49
Laptop,Electronics,South,2,570,94.39
Headphones,Accessories,South,5,1315,217.79
Smartwatch,Electronics,East,8,7600,1099.88
Keyboard,Accessories,West,6,6102,364.82
Camera,Electronics,West,5,5170,1248.66
Smartphone,Electronics,West,6,4728,705.85
Keyboard,Accessories,North,1,168,17.84
Monitor,Accessories,East,4,4580,655.14
Keyboard,Accessories,South,6,1362,202.68
Camera,Electronics,East,1,1120,127.32
Printer,Office,East,5,4165,1012.37
Tablet,Electronics,East,1,1131,140.55
Smartphone,Electronics,East,1,985,196.64
Tablet,Electronics,South,6,2100,268.4
Keyboard,Accessories,South,2,836,47.07
Headphones,Accessories,North,3,2739,202.81
Laptop,Electronics,South,4,1264,267.82
Monitor,Accessories,North,4,2092,467.02
Monitor,Accessories,North,8,4120,710.11
Tablet,Electronics,East,7,707,124.59
Mouse,Accessories,East,3,780,217.92
Monitor,Accessories,South,9,7578,1596.64
Laptop,Electronics,North,2,1356,144.18
Printer,Office,West,9,2268,361.62
Smartwatch,Electronics,East,7,6258,1347.74
Mouse,Accessories,North,8,9128,1342.19
Mouse,Accessories,North,8,7960,804.11
Smartphone,Electronics,West,8,7944,2257.73
Laptop,Electronics,West,6,3486,320.91
Tablet,Electronics,North,2,1902,388.83
Printer,Office,South,4,2456,163.61
Monitor,Accessories,South,9,6939,1249.31
Mouse,Accessories,North,8,9232,490.66
Smartphone,Electronics,South,4,3188,202.81
Tablet,Electronics,West,2,572,86.16
Smartwatch,Electronics,East,9,4698,1167.9
Smartphone,Electronics,East,4,4228,764.3
Laptop,Electronics,South,5,4485,347.99
Printer,Office,West,5,1995,369.22
Keyboard,Accessories,North,4,3184,478.27
Camera,Electronics,South,7,5831,1416.31
Camera,Electronics,East,2,2224,364.04
Keyboard,Accessories,East,1,1172,124.9
Keyboard,Accessories,South,9,1125,138.49
Smartwatch,Electronics,West,1,281,30.51
Tablet,Electronics,West,7,7224,479.23
Smartwatch,Electronics,South,2,322,42.03
Printer,Office,South,5,2440,570.78
Monitor,Accessories,North,4,2476,417.16
Laptop,Electronics,West,9,9702,2771.49
Laptop,Electronics,South,1,1188,110.32
Printer,Office,South,1,1152,280.28
Headphones,Accessories,North,6,1662,416.3
Mouse,Accessories,West,8,2976,507.77
Headphones,Accessories,South,6,5754,1628.61
Tablet,Electronics,North,3,612,40.15
Tablet,Electronics,West,5,1925,204.74
Printer,Office,North,9,5859,1153.89
Headphones,Accessories,North,1,1012,164.89
Printer,Office,South,4,3068,868.89
Monitor,Accessories,South,9,1602,142.49
Laptop,Electronics,East,9,7272,500.32
Mouse,Accessories,East,9,7101,2105.82
Mouse,Accessories,South,2,1924,394.4
Keyboard,Accessories,East,7,2569,130.19
Headphones,Accessories,West,9,10134,1334.37
Mouse,Accessories,North,9,5949,368.51
Laptop,Electronics,East,3,1947,239.63
Printer,Office,North,9,3123,741.23
Keyboard,Accessories,South,6,1002,114.7
Laptop,Electronics,East,2,990,76.87
Tablet,Electronics,North,8,1608,332.12
Smartphone,Electronics,West,3,2274,662.0
Headphones,Accessories,South,9,4905,1351.25
Camera,Electronics,South,6,4302,965.02
Smartwatch,Electronics,North,7,6188,1231.3
Printer,Office,South,7,7595,969.07
Smartphone,Electronics,South,8,7064,1554.52
Printer,Office,North,5,650,93.41
Laptop,Electronics,North,3,1308,141.04
Monitor,Accessories,North,5,4960,420.98
Tablet,Electronics,East,9,8964,448.62
Monitor,Accessories,West,7,6377,1332.86
Headphones,Accessories,South,1,202,11.24
Mouse,Accessories,West,3,3375,451.5
Monitor,Accessories,West,3,1359,152.85
Laptop,Electronics,East,8,3944,296.35
Tablet,Electronics,East,7,4382,592.46
Laptop,Electronics,North,8,1224,246.77
Smartwatch,Electronics,North,7,6706,1687.22
Tablet,Electronics,South,4,3260,969.76
Keyboard,Accessories,North,7,2898,490.11
Monitor,Accessories,East,5,1370,253.92
Printer,Office,South,1,857,172.91
Keyboard,Accessories,North,2,766,49.23
Monitor,Accessories,West,5,1095,269.87
Smartwatch,Electronics,South,8,6184,1796.9
Smartphone,Electronics,West,6,4188,1231.16
Smartphone,Electronics,North,1,1017,209.97
Camera,Electronics,South,6,6234,758.78
Camera,Electronics,North,9,1053,283.58
Monitor,Accessories,East,8,6256,1152.99
Monitor,Accessories,East,2,586,101.64
Smartwatch,Electronics,West,9,9054,644.36
Smartwatch,Electronics,West,1,1065,228.63
Smartwatch,Electronics,North,9,1098,106.97
Camera,Electronics,South,1,182,30.97
Printer,Office,South,5,3475,991.47
Mouse,Accessories,North,5,945,194.03
Mouse,Accessories,North,9,5247,921.09
Laptop,Electronics,West,7,4165,493.24
Tablet,Electronics,West,6,6030,511.7
Camera,Electronics,South,7,5887,1035.5
Camera,Electronics,East,2,788,195.15
Monitor,Accessories,South,5,280,79.77
Printer,Office,South,3,768,85.37
Mouse,Accessories,North,2,2272,504.72
Laptop,Electronics,North,1,425,48.81
Smartphone,Electronics,West,3,3117,829.09
Smartphone,Electronics,West,4,356,23.4
Camera,Electronics,East,8,2360,653.3
Keyboard,Accessories,North,2,1942,235.42
Mouse,Accessories,North,1,651,187.99
Smartwatch,Electronics,South,4,1724,233.21
Mouse,Accessories,South,7,2842,425.24
Printer,Office,North,8,5128,657.87
Smartphone,Electronics,North,1,258,27.01
Mouse,Accessories,East,4,1168,220.22
Mouse,Accessories,East,5,5030,540.73
Keyboard,Accessories,West,1,56,9.16
Mouse,Accessories,South,3,2001,420.08
Smartwatch,Electronics,East,6,2664,520.3
Headphones,Accessories,West,5,2080,614.77
Laptop,Electronics,East,7,7469,915.63
Smartwatch,Electronics,North,5,1525,413.75
Smartphone,Electronics,East,6,2940,184.97
Monitor,Accessories,North,7,3451,397.29
Monitor,Accessories,East,9,657,185.95
Mouse,Accessories,West,4,512,110.47
Laptop,Electronics,East,1,1060,57.26
Printer,Office,North,5,3275,222.29
Smartphone,Electronics,West,7,5712,929.42
Camera,Electronics,West,4,1168,135.36
Tablet,Electronics,North,7,1239,118.36
Keyboard,Accessories,East,1,1192,320.13
Camera,Electronics,North,5,995,206.95
Camera,Electronics,West,4,2472,594.62
Mouse,Accessories,North,8,3416,697.42
Camera,Electronics,North,2,452,74.34
Mouse,Accessories,West,7,5607,1288.04
Monitor,Accessories,North,1,338,32.61
Keyboard,Accessories,West,9,4851,1408.41
Smartwatch,Electronics,South,9,4248,964.12
Printer,Office,East,1,1176,182.07
Smartphone,Electronics,South,9,6948,1409.3
Printer,Office,West,3,705,196.05
Printer,Office,South,9,2178,382.67
Tablet,Electronics,North,3,1416,220.7
Printer,Office,East,8,2704,705.74
Mouse,Accessories,North,8,6032,1636.61
Camera,Electronics,West,3,2220,121.14
Monitor,Accessories,North,1,672,198.75
Tablet,Electronics,West,4,4572,1199.49
Tablet,Electronics,North,7,2457,690.55
Keyboard,Accessories,South,6,4188,989.14
Laptop,Electronics,West,4,1920,549.11
Laptop,Electronics,South,8,6544,1086.29
Monitor,Accessories,South,3,2853,437.59
Tablet,Electronics,North,2,1980,125.99
Smartphone,Electronics,North,3,897,235.67
Tablet,Electronics,West,4,2048,507.01
Monitor,Accessories,West,8,9104,2620.58
Keyboard,Accessories,South,7,2023,274.25
Mouse,Accessories,East,2,1932,109.07
Mouse,Accessories,North,7,4060,291.42
Smartphone,Electronics,South,9,756,99.21
Tablet,Electronics,West,1,1081,229.32
Monitor,Accessories,West,5,3255,332.54
Tablet,Electronics,East,2,1188,286.38
Laptop,Electronics,East,5,3205,368.41
Tablet,Electronics,West,4,556,81.77
Smartwatch,Electronics,East,8,5368,333.53
Tablet,Electronics,North,3,2790,470.93
Mouse,Accessories,South,8,5256,1118.16
Keyboard,Accessories,South,5,725,77.91
Camera,Electronics,East,3,1029,206.83
Smartwatch,Electronics,East,4,660,83.96
Keyboard,Accessories,West,5,1400,213.63
Keyboard,Accessories,North,8,984,72.54
Headphones,Accessories,South,1,260,16.81
Keyboard,Accessories,East,3,3264,556.86
Smartphone,Electronics,North,6,7026,459.4
Tablet,Electronics,East,4,844,136.02
Tablet,Electronics,West,7,5656,355.81
Smartphone,Electronics,West,1,173,20.96
Monitor,Accessories,North,1,777,211.31
Headphones,Accessories,South,4,1488,74.52
Mouse,Accessories,North,4,4156,847.09
Keyboard,Accessories,South,6,5718,1358.26
Keyboard,Accessories,West,7,4746,816.6
Printer,Office,South,9,4293,295.47
Laptop,Electronics,North,5,5640,1227.77
Laptop,Electronics,East,4,3216,962.49
Monitor,Accessories,East,4,428,86.62
Smartwatch,Electronics,East,6,3570,265.62
Camera,Electronics,South,9,4887,396.36
Monitor,Accessories,South,1,612,174.52
Mouse,Accessories,South,8,2752,394.66
Mouse,Accessories,North,2,416,71.68
Monitor,Accessories,South,6,6402,1602.79
Smartphone,Electronics,West,6,5778,1232.54
Smartphone,Electronics,North,4,1524,189.32
Keyboard,Accessories,North,9,8514,1400.4
Mouse,Accessories,West,8,2080,108.48
Printer,Office,North,4,632,114.82
Keyboard,Accessories,West,2,1354,136.91
Printer,Office,South,6,3132,919.52
Smartwatch,Electronics,East,8,7152,1539.72
Tablet,Electronics,West,3,1887,363.42
Printer,Office,West,5,3100,911.86
Printer,Office,East,5,3705,707.08
Monitor,Accessories,West,5,4545,755.05
Monitor,Accessories,West,6,6582,729.68
Tablet,Electronics,South,5,4880,829.03
Tablet,Electronics,West,8,3936,720.2
Mouse,Accessories,West,3,1215,129.8
Smartphone,Electronics,East,6,882,180.63
Laptop,Electronics,South,2,1090,136.65
Monitor,Accessories,North,4,2176,250.89
Printer,Office,East,8,8952,1825.37
Smartphone,Electronics,East,1,677,88.41
Laptop,Electronics,East,4,4700,576.34
Smartwatch,Electronics,South,2,1734,310.76
Camera,Electronics,East,3,2325,309.49
Laptop,Electronics,South,2,162,16.51
Camera,Electronics,East,2,1114,300.44
Mouse,Accessories,South,2,124,32.27
Laptop,Electronics,East,9,468,58.98
Monitor,Accessories,West,9,2889,604.19
Camera,Electronics,South,1,440,34.74
Monitor,Accessories,North,8,3304,404.33
Mouse,Accessories,South,9,6363,1752.65
Smartwatch,Electronics,North,1,851,93.56
Monitor,Accessories,East,6,3150,578.87
Printer,Office,South,8,2416,500.93
Monitor,Accessories,South,5,1465,149.62
Laptop,Electronics,West,6,2844,581.0
Monitor,Accessories,West,6,1764,465.93
Smartwatch,Electronics,North,2,116,32.27
Keyboard,Accessories,West,9,6309,801.15
Headphones,Accessories,North,9,5949,626.92
Keyboard,Accessories,West,1,1147,133.48
Headphones,Accessories,South,6,1698,193.42
Headphones,Accessories,West,6,7140,605.22
Smartphone,Electronics,East,8,1728,477.7
Camera,Electronics,West,2,2304,444.08
Camera,Electronics,East,6,4140,451.27
Smartwatch,Electronics,West,9,3861,536.04
Camera,Electronics,West,5,4590,347.14
Smartwatch,Electronics,South,7,6293,389.22
Monitor,Accessories,West,6,3366,614.22
Smartwatch,Electronics,North,3,2739,572.73
Smartphone,Electronics,East,6,4662,350.79
Headphones,Accessories,West,2,1856,468.19
Mouse,Accessories,West,3,294,22.9
Smartwatch,Electronics,West,2,2388,492.54
Smartwatch,Electronics,North,2,1678,372.78
Tablet,Electronics,South,1,619,35.36
Monitor,Accessories,West,5,5230,385.77
Laptop,Electronics,West,4,3956,293.38
Mouse,Accessories,West,6,3186,794.94
Mouse,Accessories,South,7,1239,177.39
Laptop,Electronics,South,6,2040,124.65
Mouse,Accessories,East,4,4128,1156.71
Printer,Office,West,1,1024,230.3
Monitor,Accessories,North,3,2994,877.92
Tablet,Electronics,South,1,569,141.33
Tablet,Electronics,West,2,1760,278.09
Smartwatch,Electronics,East,7,5432,870.08
Laptop,Electronics,North,5,2160,553.41
Monitor,Accessories,West,7,7238,1889.69
Headphones,Accessories,South,4,3888,810.08
Smartphone,Electronics,South,7,4669,803.21
Smartwatch,Electronics,West,2,2006,235.52
Printer,Office,East,2,1946,141.75
Headphones,Accessories,South,7,8113,995.03
Printer,Office,East,9,9387,1271.64
Mouse,Accessories,East,8,976,234.24
Printer,Office,West,8,2176,398.29
Mouse,Accessories,South,5,1190,235.64
Headphones,Accessories,East,6,3990,975.5
Printer,Office,North,2,300,47.59
Printer,Office,South,6,6384,1189.19
Keyboard,Accessories,East,4,3628,717.81
Tablet,Electronics,North,2,1280,335.22
Mouse,Accessories,South,4,356,59.15
Headphones,Accessories,West,3,171,9.02
Tablet,Electronics,West,7,5264,756.33
Camera,Electronics,South,7,4809,1418.72
Camera,Electronics,South,3,1098,77.81
Smartphone,Electronics,South,8,7640,1663.63
Tablet,Electronics,North,6,6378,1408.28
Mouse,Accessories,North,6,1236,304.88
Smartphone,Electronics,South,3,2379,148.68
Smartphone,Electronics,South,1,419,99.5
Monitor,Accessories,North,5,2265,595.05
Keyboard,Accessories,West,4,2828,539.43
Camera,Electronics,North,9,7533,1285.72
Tablet,Electronics,East,7,6216,378.24
Monitor,Accessories,West,1,1178,292.15
Mouse,Accessories,East,1,1032,291.41
Camera,Electronics,North,4,3924,298.07
Tablet,Electronics,West,9,1728,179.64
Smartwatch,Electronics,West,5,5845,978.75
Keyboard,Accessories,South,2,1088,235.83
Printer,Office,North,6,1194,79.62
Headphones,Accessories,East,7,5551,392.37
Headphones,Accessories,East,4,4168,650.15
Laptop,Electronics,East,7,4739,740.74
Laptop,Electronics,South,4,1792,506.56
Smartwatch,Electronics,West,7,8141,767.6
Printer,Office,West,6,3006,730.14
Laptop,Electronics,West,1,733,54.11
Laptop,Electronics,North,3,2031,450.23
Smartwatch,Electronics,East,8,7144,492.1
Printer,Office,East,2,436,79.69
Smartwatch,Electronics,North,8,9464,2043.73
Monitor,Accessories,North,4,3072,394.2
Mouse,Accessories,West,2,646,180.5
Monitor,Accessories,East,6,3300,386.92
Monitor,Accessories,North,2,1342,184.59
Keyboard,Accessories,North,8,3400,758.57
Camera,Electronics,West,6,5106,1341.93
Monitor,Accessories,North,9,10458,2799.48
Smartwatch,Electronics,South,2,514,106.75
Smartwatch,Electronics,South,4,3892,909.22
Smartwatch,Electronics,South,2,274,42.37
Keyboard,Accessories,East,3,1920,144.3
Mouse,Accessories,North,5,3720,448.6
Monitor,Accessories,South,4,2804,382.82
Keyboard,Accessories,West,6,720,144.26
Smartwatch,Electronics,West,3,1656,469.28
Smartwatch,Electronics,North,3,966,120.56
Smartphone,Electronics,East,5,2125,632.68
Mouse,Accessories,South,8,7968,1249.98
Camera,Electronics,South,2,122,16.23
Monitor,Accessories,North,6,5214,1093.04
Camera,Electronics,East,2,1104,173.01
Smartphone,Electronics,East,7,6034,1018.37
Smartwatch,Electronics,East,2,704,135.63
Smartwatch,Electronics,North,6,2724,675.53
Monitor,Accessories,West,7,4662,1007.43
Smartwatch,Electronics,North,5,655,166.69
Smartwatch,Electronics,East,8,984,183.07
Keyboard,Accessories,West,8,8992,2018.64
Mouse,Accessories,South,6,6228,1852.45
Laptop,Electronics,South,4,1224,348.91
Camera,Electronics,East,4,772,215.62
Camera,Electronics,East,3,2280,365.17
Smartphone,Electronics,West,1,51,9.36
Smartwatch,Electronics,South,4,828,216.98
Laptop,Electronics,East,8,8736,580.31
Smartphone,Electronics,West,8,7776,498.6
Monitor,Accessories,West,8,7664,1580.55
Camera,Electronics,South,7,4557,234.62
Smartwatch,Electronics,East,6,2496,332.08
Headphones,Accessories,East,8,8224,1679.16
Mouse,Accessories,East,6,3186,374.63
Camera,Electronics,East,5,3630,537.93
Mouse,Accessories,West,9,2925,457.49
Headphones,Accessories,South,2,352,54.19
Laptop,Electronics,South,8,1800,142.86
Smartphone,Electronics,West,6,1926,393.01
Mouse,Accessories,South,5,2185,136.1
Smartphone,Electronics,South,4,2444,155.42
Tablet,Electronics,West,6,4584,473.37
Mouse,Accessories,South,3,2709,663.54
Mouse,Accessories,East,9,2349,244.18
Smartwatch,Electronics,North,2,2040,481.15
Tablet,Electronics,East,2,1752,501.19
Laptop,Electronics,North,8,7520,1201.4
Monitor,Accessories,North,4,1952,148.67
Headphones,Accessories,South,4,1960,234.88
Camera,Electronics,South,6,1686,426.72
Camera,Electronics,South,4,296,44.79
Camera,Electronics,South,7,7301,1311.65
Camera,Electronics,East,6,1182,236.12
Mouse,Accessories,North,8,6008,871.76
Camera,Electronics,East,2,2174,335.37
Printer,Office,East,1,330,78.52
Tablet,Electronics,East,7,1197,103.34
Keyboard,Accessories,South,7,7826,714.68
Camera,Electronics,South,4,3616,789.63
Keyboard,Accessories,East,5,4025,923.17
Camera,Electronics,North,7,3101,926.09
Headphones,Accessories,East,6,2748,682.8
Tablet,Electronics,North,2,684,183.85
Smartphone,Electronics,South,5,2510,515.12
Keyboard,Accessories,North,5,4855,534.23
Smartwatch,Electronics,West,3,2151,322.03
Keyboard,Accessories,East,5,2495,164.56
Laptop,Electronics,West,8,8296,1884.18
Smartwatch,Electronics,South,5,2075,271.71
Headphones,Accessories,North,1,1077,77.97
Smartwatch,Electronics,West,9,7245,1410.92
Laptop,Electronics,North,7,3654,871.81
Printer,Office,West,7,7119,1555.05
Keyboard,Accessories,South,4,3788,875.54
Smartphone,Electronics,West,1,137,39.35
Smartwatch,Electronics,East,4,1104,84.31
Monitor,Accessories,North,4,2468,457.51
Laptop,Electronics,North,1,1027,259.92
Camera,Electronics,East,3,3069,503.3
Tablet,Electronics,South,1,430,83.33
Smartwatch,Electronics,North,6,4440,800.92
Headphones,Accessories,North,6,4656,601.71
Headphones,Accessories,South,9,10080,1794.73
Camera,Electronics,North,2,744,217.21
Smartphone,Electronics,North,2,1660,362.88
Keyboard,Accessories,South,5,5275,594.29
Monitor,Accessories,West,1,890,59.1
Tablet,Electronics,South,8,5176,866.36
Tablet,Electronics,East,1,610,44.99
Headphones,Accessories,East,1,111,27.91
Keyboard,Accessories,North,7,385,43.43
Smartphone,Electronics,East,4,2556,412.44
Laptop,Electronics,South,3,1227,229.75
Headphones,Accessories,West,7,8071,1799.06
Laptop,Electronics,West,3,819,231.88
Keyboard,Accessories,East,2,344,72.87
Monitor,Accessories,South,5,4615,251.0
Tablet,Electronics,South,1,187,33.76
Printer,Office,South,1,566,169.17
Printer,Office,South,2,1960,312.06
Keyboard,Accessories,East,8,5888,354.27
Monitor,Accessories,East,1,743,216.5
Tablet,Electronics,West,3,801,90.34
Headphones,Accessories,East,2,194,52.16
Headphones,Accessories,North,6,4656,673.35
Camera,Electronics,East,8,7240,411.19
Keyboard,Accessories,North,7,7308,948.4
Headphones,Accessories,West,7,4732,1084.28
Mouse,Accessories,East,3,807,148.58
Smartwatch,Electronics,North,4,304,34.73
Keyboard,Accessories,South,2,1030,254.65
Headphones,Accessories,South,5,5085,1172.12
Keyboard,Accessories,North,2,1790,236.76
Laptop,Electronics,East,1,1041,128.58
Monitor,Accessories,East,2,1394,408.32
Mouse,Accessories,East,1,856,87.69
Headphones,Accessories,North,6,798,213.4
Keyboard,Accessories,West,4,3568,764.2
Headphones,Accessories,East,8,1832,532.97
Camera,Electronics,South,3,3399,489.36
Mouse,Accessories,East,1,205,54.54
Headphones,Accessories,South,6,420,65.62
Smartwatch,Electronics,West,6,5592,926.42
Tablet,Electronics,East,7,5285,629.07
Printer,Office,East,6,5610,298.77
Monitor,Accessories,East,4,4496,1115.75
Headphones,Accessories,South,4,4700,914.6
Monitor,Accessories,East,2,2016,151.4
Camera,Electronics,North,4,960,255.24
Monitor,Accessories,East,8,3544,454.14
Camera,Electronics,East,9,9009,1909.26
Smartwatch,Electronics,South,7,6237,1784.89
Camera,Electronics,North,8,2984,631.81
Camera,Electronics,South,7,4151,1047.43
Headphones,Accessories,West,8,5312,1583.0
Mouse,Accessories,East,4,4088,1200.03
Smartphone,Electronics,West,4,640,149.89
Printer,Office,South,8,5912,1153.18
Tablet,Electronics,West,7,3164,166.4
Printer,Office,West,5,535,43.47
Smartwatch,Electronics,East,9,9090,727.64
Keyboard,Accessories,North,5,1510,331.76
Laptop,Electronics,North,7,6818,1348.26
Camera,Electronics,North,2,1314,391.55
Mouse,Accessories,East,4,3936,374.34
Smartphone,Electronics,North,7,6461,766.45
Smartphone,Electronics,West,8,7048,391.96
Mouse,Accessories,South,3,813,238.1
Monitor,Accessories,East,5,5055,1200.09
Tablet,Electronics,East,9,9828,1300.68
Keyboard,Accessories,East,9,6741,823.17
Smartphone,Electronics,West,7,4452,920.05
Printer,Office,West,8,7016,1490.07
Headphones,Accessories,East,4,804,121.51
Keyboard,Accessories,North,2,490,45.34
Printer,Office,North,2,384,30.84
Printer,Office,West,1,623,81.24
Tablet,Electronics,East,4,1768,345.33
Smartwatch,Electronics,East,2,218,38.93
Tablet,Electronics,East,5,5935,875.84
Monitor,Accessories,East,6,942,80.27
Monitor,Accessories,East,6,3030,335.71
Tablet,Electronics,West,1,392,50.7
Tablet,Electronics,South,8,1456,271.26
Camera,Electronics,South,3,588,100.52
Keyboard,Accessories,South,7,2352,256.4
Smartwatch,Electronics,East,7,5019,1154.79
Laptop,Electronics,North,3,3543,941.37
Keyboard,Accessories,South,5,4265,796.12
Keyboard,Accessories,North,6,4458,1215.3
Laptop,Electronics,East,7,1869,357.27
Tablet,Electronics,West,4,3592,249.54
Printer,Office,North,2,268,63.01
Keyboard,Accessories,South,6,6408,885.71
Smartphone,Electronics,West,1,111,13.61
Monitor,Accessories,North,7,4165,263.26
Keyboard,Accessories,South,3,1302,180.82
Keyboard,Accessories,East,8,4800,606.19
Mouse,Accessories,East,5,3600,712.3
Mouse,Accessories,South,4,2628,727.87
Keyboard,Accessories,West,1,920,118.24
Smartphone,Electronics,West,7,1596,359.71
Camera,Electronics,East,2,624,139.64
Keyboard,Accessories,South,9,10782,2730.14
Smartwatch,Electronics,East,5,2025,168.82
Printer,Office,East,9,6255,452.46
Smartwatch,Electronics,North,5,3970,642.7
Monitor,Accessories,South,3,459,40.96
Keyboard,Accessories,North,7,4032,426.13
Tablet,Electronics,North,9,8523,978.97
Smartwatch,Electronics,East,2,486,62.58
Tablet,Electronics,West,7,1463,175.13
Smartphone,Electronics,East,3,1140,226.52
Printer,Office,North,2,800,118.68
Printer,Office,South,6,2622,131.53
Camera,Electronics,South,4,3084,348.38
Keyboard,Accessories,East,1,1017,69.33
Tablet,Electronics,North,1,1130,268.88
Camera,Electronics,South,4,4480,592.82
Smartwatch,Electronics,South,6,918,116.87
Printer,Office,East,2,1918,435.56
Laptop,Electronics,West,6,6984,1433.65
Tablet,Electronics,West,6,3486,1011.74
Headphones,Accessories,North,1,662,193.92
Laptop,Electronics,South,1,575,104.31
Smartwatch,Electronics,North,1,915,264.3
Printer,Office,East,9,8046,2210.33
Printer,Office,South,1,802,153.55
Mouse,Accessories,South,7,4921,827.87
Headphones,Accessories,South,4,1396,135.48
Mouse,Accessories,South,9,594,51.49
Camera,Electronics,West,3,1821,543.01
Smartphone,Electronics,South,2,912,161.37
Headphones,Accessories,North,7,6167,1027.98
Tablet,Electronics,North,6,1128,207.97
Camera,Electronics,West,1,570,138.54
Keyboard,Accessories,East,9,972,100.0
Monitor,Accessories,North,6,1614,166.62
Headphones,Accessories,West,5,2665,532.76
Monitor,Accessories,North,1,59,10.32
Tablet,Electronics,North,8,6968,704.55
Mouse,Accessories,East,6,4746,545.57
Printer,Office,East,1,267,41.85
Smartphone,Electronics,South,1,192,16.47
Printer,Office,North,6,6348,557.72
Headphones,Accessories,East,2,414,51.1
Camera,Electronics,South,4,4484,893.27
Smartwatch,Electronics,North,9,1467,384.22
Smartphone,Electronics,South,7,4697,976.26
Mouse,Accessories,North,4,3604,971.14
Smartwatch,Electronics,East,6,1758,287.36
Laptop,Electronics,North,4,908,219.79
Printer,Office,East,8,3312,854.12
Mouse,Accessories,West,8,528,53.91
Smartphone,Electronics,South,2,348,56.31
Keyboard,Accessories,South,1,962,260.28
Headphones,Accessories,West,9,8496,1721.6
Camera,Electronics,South,6,5928,1177.2
Keyboard,Accessories,North,1,381,26.69
Monitor,Accessories,West,5,4730,1416.1
Smartwatch,Electronics,West,2,862,105.97
Camera,Electronics,West,6,6846,932.21
Laptop,Electronics,South,3,1596,91.23
Printer,Office,South,7,2758,459.02
Tablet,Electronics,West,8,3320,413.32
Mouse,Accessories,East,4,1168,177.54
Keyboard,Accessories,East,3,2625,349.61
Printer,Office,East,5,3910,538.52
Keyboard,Accessories,East,8,2256,316.77
Laptop,Electronics,South,4,2656,687.63
Printer,Office,South,9,9225,1391.15
Mouse,Accessories,South,7,3605,387.82
Mouse,Accessories,West,7,8155,2177.38
Keyboard,Accessories,South,4,584,127.28
Camera,Electronics,South,9,3780,724.36
Monitor,Accessories,North,7,7280,1682.79
Camera,Electronics,South,2,396,94.55
Mouse,Accessories,South,6,4014,717.44
Monitor,Accessories,North,3,474,83.32
Monitor,Accessories,North,4,1456,431.89
Keyboard,Accessories,East,3,513,48.23
Monitor,Accessories,South,5,5105,1003.4
Printer,Office,North,5,370,92.45
Mouse,Accessories,West,1,956,167.16
Printer,Office,South,8,6016,898.33
Smartphone,Electronics,East,2,1614,376.31
Mouse,Accessories,West,5,1940,423.17
Laptop,Electronics,West,6,3306,697.74
Printer,Office,East,8,6016,406.13
Keyboard,Accessories,South,5,875,70.72
Smartwatch,Electronics,North,6,1344,338.4
Tablet,Electronics,East,7,5075,471.21
Headphones,Accessories,West,1,526,108.88
Keyboard,Accessories,North,8,2640,723.88
Keyboard,Accessories,East,2,1018,297.21
Monitor,Accessories,North,4,4740,833.27
Smartwatch,Electronics,North,8,3256,533.7
Camera,Electronics,East,1,113,20.07
Monitor,Accessories,South,6,1506,407.73
Camera,Electronics,North,7,1799,274.11
Mouse,Accessories,North,9,8640,1254.3
Smartphone,Electronics,West,5,1935,128.01
Headphones,Accessories,East,1,1011,186.42
Monitor,Accessories,South,6,6630,512.6
Printer,Office,North,2,1582,422.46
Laptop,Electronics,East,4,2892,863.47
Tablet,Electronics,West,6,2946,208.01
Keyboard,Accessories,East,6,5286,636.16
Monitor,Accessories,South,7,5446,697.21
Monitor,Accessories,East,9,5976,1747.57
Mouse,Accessories,West,1,913,162.24
Printer,Office,North,3,3522,883.41
Smartphone,Electronics,North,6,6486,359.49
Printer,Office,West,1,196,39.6
Mouse,Accessories,West,7,6006,1595.22
Monitor,Accessories,West,1,464,58.38
Monitor,Accessories,South,6,3942,748.74
Camera,Electronics,South,7,2240,580.47
Camera,Electronics,East,2,516,122.77
Smartphone,Electronics,East,6,5190,1215.07
Printer,Office,South,8,9184,1795.93
Keyboard,Accessories,East,6,5880,454.19
Printer,Office,South,4,4360,1207.46
Mouse,Accessories,North,1,459,125.19
Headphones,Accessories,West,2,1126,204.99
Smartwatch,Electronics,North,1,371,108.58
Printer,Office,North,9,1737,152.98
Monitor,Accessories,West,9,5220,1324.01
Laptop,Electronics,South,7,2562,347.62
Smartphone,Electronics,North,3,3234,440.7
Smartwatch,Electronics,West,8,3416,478.9
Printer,Office,North,3,3477,939.2
Printer,Office,East,2,1058,298.69
Smartphone,Electronics,West,1,1128,73.74
Printer,Office,West,3,2316,356.5
Tablet,Electronics,West,3,813,188.94
Smartphone,Electronics,South,1,558,49.81
Printer,Office,South,4,4680,301.91
Camera,Electronics,East,6,6534,355.03
Printer,Office,South,9,6813,1966.66
Laptop,Electronics,North,3,2415,538.39
Smartphone,Electronics,West,7,1281,282.63
Smartwatch,Electronics,North,9,7551,894.4
Smartphone,Electronics,South,3,1680,140.27
Camera,Electronics,North,6,7164,1442.72
Smartwatch,Electronics,East,1,384,83.58
Printer,Office,East,8,5296,1234.81
Printer,Office,East,3,3534,489.06
Mouse,Accessories,South,5,4240,426.41
Laptop,Electronics,South,7,8141,651.16
Smartwatch,Electronics,West,2,2244,212.08
Headphones,Accessories,North,8,824,240.84
Camera,Electronics,South,2,2324,516.06
Camera,Electronics,South,7,3962,916.13
Mouse,Accessories,West,3,2631,157.19
Tablet,Electronics,North,9,9441,2171.42
Laptop,Electronics,West,6,438,26.03
Laptop,Electronics,North,2,750,77.68
Headphones,Accessories,North,1,247,35.65
Smartphone,Electronics,West,4,3684,1009.1
Headphones,Accessories,West,2,1548,157.48
Printer,Office,North,8,2856,350.32
Smartwatch,Electronics,North,2,1258,146.7
Keyboard,Accessories,East,1,266,22.42
Headphones,Accessories,North,3,534,120.53
Smartwatch,Electronics,North,6,1746,289.2
Smartwatch,Electronics,South,1,61,16.11
Smartwatch,Electronics,East,1,584,172.4
Printer,Office,West,4,604,180.93
Laptop,Electronics,East,9,7731,1459.74
Mouse,Accessories,North,4,4344,461.72
Camera,Electronics,East,2,494,56.41
Smartphone,Electronics,North,1,307,50.2
Smartphone,Electronics,West,9,9090,937.69
Laptop,Electronics,South,1,810,157.47
Printer,Office,West,5,1925,570.93
Monitor,Accessories,South,5,1215,162.02
Monitor,Accessories,East,8,7560,494.34
Smartwatch,Electronics,East,6,5508,1632.37
Laptop,Electronics,East,9,5481,1540.75
Tablet,Electronics,East,3,2214,507.7
Printer,Office,South,8,3912,334.1
Headphones,Accessories,East,3,1143,275.04
Camera,Electronics,East,7,5467,556.02
Mouse,Accessories,South,6,6876,1029.92
Tablet,Electronics,North,5,1630,190.38
Printer,Office,East,8,2456,404.35
Headphones,Accessories,South,8,1008,100.61
Mouse,Accessories,North,9,8100,2203.56
Laptop,Electronics,North,5,505,71.97
Monitor,Accessories,North,7,875,203.63
Smartwatch,Electronics,West,8,3928,700.38
Camera,Electronics,South,3,3126,870.95
Smartphone,Electronics,North,7,2639,268.88
Tablet,Electronics,South,9,1593,322.46
Camera,Electronics,West,1,524,106.35
Mouse,Accessories,South,9,7866,1554.38
Mouse,Accessories,North,1,1160,149.81
Tablet,Electronics,South,1,847,142.74
Camera,Electronics,South,1,508,151.29
Keyboard,Accessories,South,1,1178,161.06
Smartphone,Electronics,West,2,1736,388.09
Tablet,Electronics,North,3,2883,671.91
Monitor,Accessories,North,1,140,24.21
Smartphone,Electronics,East,1,1039,137.24
Printer,Office,South,6,4380,522.3
Keyboard,Accessories,South,1,612,136.25
Monitor,Accessories,East,9,8586,1555.82
Laptop,Electronics,North,8,3528,593.11
Monitor,Accessories,South,6,7074,1357.68
Laptop,Electronics,North,3,1638,306.29
Headphones,Accessories,South,1,314,66.23
Keyboard,Accessories,East,2,1446,171.73
Laptop,Electronics,North,4,3824,711.92
Tablet,Electronics,East,5,4730,1365.63
Headphones,Accessories,North,8,7096,991.23
Smartphone,Electronics,North,2,876,66.68
Keyboard,Accessories,North,4,4716,704.99
Smartwatch,Electronics,East,8,2072,555.06
Camera,Electronics,East,1,157,27.65
Mouse,Accessories,North,9,10593,2488.69
Laptop,Electronics,East,3,2883,557.81
Laptop,Electronics,South,6,2700,527.97
Smartphone,Electronics,West,9,10404,2028.21
Headphones,Accessories,North,4,596,72.65
Mouse,Accessories,West,1,527,27.45
Laptop,Electronics,East,6,5112,1289.47
Camera,Electronics,South,9,9936,2797.45
Headphones,Accessories,East,1,832,227.11
Camera,Electronics,East,1,718,169.09
Camera,Electronics,South,4,4176,980.11
Laptop,Electronics,East,5,4360,1160.55
Mouse,Accessories,East,8,4136,1056.54
Laptop,Electronics,West,9,6138,1562.14
Smartwatch,Electronics,East,5,550,63.11
Mouse,Accessories,West,4,2840,591.94
Laptop,Electronics,North,3,2139,415.84
Smartphone,Electronics,East,5,5175,786.27
Camera,Electronics,East,2,1026,170.31
Smartwatch,Electronics,West,2,850,59.92
Laptop,Electronics,West,3,2598,560.82
Keyboard,Accessories,North,8,6880,1570.91
Smartphone,Electronics,West,6,6978,2028.63
Smartwatch,Electronics,West,3,795,60.34
Smartwatch,Electronics,West,6,4812,662.54
Printer,Office,South,5,1415,358.39
Keyboard,Accessories,East,4,1720,360.78
Monitor,Accessories,West,6,846,190.87
Mouse,Accessories,North,7,1722,162.39
Mouse,Accessories,South,3,483,63.27
Headphones,Accessories,West,3,2946,666.99
Mouse,Accessories,West,5,1700,360.59
Headphones,Accessories,West,7,8050,2129.97
Laptop,Electronics,East,2,562,92.94
Smartphone,Electronics,South,2,822,183.45
Camera,Electronics,West,7,1904,352.86
Keyboard,Accessories,East,1,190,27.43
Headphones,Accessories,South,1,351,32.61
Monitor,Accessories,West,9,10665,1595.08
Smartwatch,Electronics,East,1,294,52.37
Camera,Electronics,South,2,2158,483.94
Laptop,Electronics,East,9,5139,1315.93
Keyboard,Accessories,East,6,2244,517.47
Laptop,Electronics,North,2,1346,196.5
Headphones,Accessories,West,9,4563,675.62
Laptop,Electronics,South,8,5696,1156.3
Mouse,Accessories,North,7,1470,178.85
Camera,Electronics,West,3,1959,274.27
Camera,Electronics,North,7,7203,523.52
Camera,Electronics,North,3,2988,362.68
Mouse,Accessories,South,6,6576,1899.67
Laptop,Electronics,East,4,228,54.05
Laptop,Electronics,North,1,1176,157.47
Smartwatch,Electronics,South,5,2545,588.47
Printer,Office,South,6,2142,476.19
Tablet,Electronics,North,7,7462,2166.17
Camera,Electronics,East,8,8440,1504.18
Keyboard,Accessories,East,2,1606,138.96
Printer,Office,West,9,2934,473.34
Tablet,Electronics,North,8,5920,1436.7
Tablet,Electronics,North,7,4704,978.81
Monitor,Accessories,South,1,1161,210.87
Laptop,Electronics,South,7,3388,347.19
Smartphone,Electronics,North,9,2430,613.67
Headphones,Accessories,West,1,847,237.41
Headphones,Accessories,East,8,8200,1978.93
Camera,Electronics,South,5,3455,867.55
Smartwatch,Electronics,West,2,200,10.45
Mouse,Accessories,North,6,7146,1627.42
Tablet,Electronics,North,3,2532,343.13
Smartphone,Electronics,East,9,828,59.99
Laptop,Electronics,East,8,6968,1479.09
Monitor,Accessories,South,9,6138,851.14
Tablet,Electronics,East,5,740,146.39
Mouse,Accessories,East,3,3378,520.31
Tablet,Electronics,South,7,2009,183.19
Tablet,Electronics,North,1,373,53.15
Tablet,Electronics,North,3,3111,607.23
Headphones,Accessories,East,7,8155,1587.91
Mouse,Accessories,West,8,2960,607.64
Smartwatch,Electronics,East,1,723,115.26
Printer,Office,West,2,340,59.56
Camera,Electronics,West,9,9972,2566.01
Laptop,Electronics,South,1,111,19.33
Monitor,Accessories,North,8,6520,1113.12
Monitor,Accessories,South,5,5990,1192.11
Keyboard,Accessories,West,2,894,224.75
Smartphone,Electronics,East,1,622,104.57
Smartphone,Electronics,North,9,5427,731.33
Mouse,Accessories,West,6,5790,1285.21
Printer,Office,West,8,3816,574.57
Monitor,Accessories,West,5,5310,806.12
Smartwatch,Electronics,West,8,3624,750.86
Mouse,Accessories,West,4,3428,305.79
Smartphone,Electronics,North,2,258,64.12
Smartphone,Electronics,North,1,357,82.86
Camera,Electronics,West,9,3627,797.53
Camera,Electronics,South,8,5176,1400.82
Camera,Electronics,East,1,179,42.37
Laptop,Electronics,West,9,9783,2347.49
Smartphone,Electronics,East,7,3857,447.99
Printer,Office,North,8,1824,495.35
Smartwatch,Electronics,North,2,1578,463.58
Mouse,Accessories,North,1,373,72.17
Smartphone,Electronics,North,9,8793,901.7
Camera,Electronics,North,4,4136,294.21
Printer,Office,North,1,1062,272.42
Keyboard,Accessories,East,1,311,50.66
Headphones,Accessories,West,1,309,62.08
Keyboard,Accessories,South,3,2925,433.95
Smartwatch,Electronics,North,5,2530,486.09
Monitor,Accessories,South,4,2360,391.82
Camera,Electronics,North,5,3720,1077.21
Monitor,Accessories,West,8,3624,1071.43
Smartwatch,Electronics,East,7,3948,758.36
Keyboard,Accessories,North,7,4095,883.56
Headphones,Accessories,South,6,978,182.46
Laptop,Electronics,North,1,1038,63.23
Mouse,Accessories,West,9,6138,1478.57
Laptop,Electronics,West,6,4728,682.01
Tablet,Electronics,South,7,6874,454.53
Smartwatch,Electronics,North,5,1645,313.66
Tablet,Electronics,West,6,966,246.21
Printer,Office,South,1,879,135.0
Camera,Electronics,East,8,3432,172.69
Printer,Office,East,1,591,39.06
Laptop,Electronics,West,4,4140,1229.85
Smartwatch,Electronics,South,1,565,148.79
Mouse,Accessories,South,5,1200,201.8
Monitor,Accessories,East,9,4302,344.64
Monitor,Accessories,West,5,5625,1006.95
Printer,Office,South,9,4086,217.48
Keyboard,Accessories,West,5,2675,671.6
Monitor,Accessories,West,5,5415,1261.65
Printer,Office,South,4,2464,602.3
Smartphone,Electronics,North,3,885,150.79
Headphones,Accessories,East,1,619,127.58
Tablet,Electronics,West,3,3549,996.05
Laptop,Electronics,West,3,573,116.14
Laptop,Electronics,South,3,1557,181.08
Headphones,Accessories,North,9,1440,94.41
Printer,Office,West,9,1539,203.54
Headphones,Accessories,North,9,7974,1181.04
Tablet,Electronics,West,6,2730,636.48
Keyboard,Accessories,East,8,6592,1024.82
Mouse,Accessories,South,5,510,82.47
Mouse,Accessories,West,4,988,147.91
Laptop,Electronics,East,4,1356,374.79
Keyboard,Accessories,West,1,386,114.9
Keyboard,Accessories,East,8,8776,1561.07
Smartwatch,Electronics,South,2,1748,183.75
Camera,Electronics,North,2,2066,608.23
Camera,Electronics,North,9,10188,1408.18
Laptop,Electronics,South,3,3576,546.44
Camera,Electronics,West,2,834,150.12
Smartwatch,Electronics,East,3,1317,71.02
Keyboard,Accessories,South,1,1112,272.81
Smartphone,Electronics,East,3,2421,334.61
Tablet,Electronics,East,9,10188,2165.78
Mouse,Accessories,South,2,290,50.23
Headphones,Accessories,South,3,1026,142.71
Headphones,Accessories,East,8,7752,1943.84
Monitor,Accessories,North,7,2765,699.86
Laptop,Electronics,East,9,2763,676.25
Headphones,Accessories,South,2,396,46.33
Tablet,Electronics,South,8,4032,251.05
Printer,Office,South,3,3219,255.09
Keyboard,Accessories,North,4,4196,1152.45
Keyboard,Accessories,East,3,2658,794.36
Monitor,Accessories,South,8,2152,196.53
Printer,Office,East,2,1994,453.74
Monitor,Accessories,West,5,5165,283.6
Smartphone,Electronics,West,9,8343,821.0
Keyboard,Accessories,West,2,370,102.74
Printer,Office,West,3,531,126.24
Headphones,Accessories,East,2,2014,215.06
Smartphone,Electronics,West,8,6224,1561.42
Mouse,Accessories,West,6,3306,216.91
Printer,Office,West,8,6160,947.96
Mouse,Accessories,North,7,6972,969.43
Monitor,Accessories,East,6,5292,659.58
Mouse,Accessories,East,4,3404,392.22
Mouse,Accessories,West,4,1344,140.52
Headphones,Accessories,East,5,1810,171.47
Laptop,Electronics,North,6,2196,572.17
Headphones,Accessories,West,2,2288,234.97
Headphones,Accessories,West,9,7695,1749.26
Camera,Electronics,East,2,254,20.48
Smartphone,Electronics,West,5,4205,585.29
Headphones,Accessories,South,6,2958,577.27
Camera,Electronics,East,8,688,131.26
Smartphone,Electronics,North,2,1102,182.54
Mouse,Accessories,South,6,1308,343.61
Smartphone,Electronics,West,2,582,76.45
Mouse,Accessories,West,9,2736,407.22
Smartwatch,Electronics,East,6,912,256.58
Smartphone,Electronics,West,2,214,14.08
Smartphone,Electronics,North,5,2060,403.19
Monitor,Accessories,North,3,456,61.42
Monitor,Accessories,North,1,404,84.4
Headphones,Accessories,West,5,5320,882.84
Headphones,Accessories,West,2,1224,340.67
Mouse,Accessories,East,1,109,10.35
Mouse,Accessories,East,6,4098,1174.46
Smartphone,Electronics,South,6,3366,541.86
Mouse,Accessories,South,8,8664,2349.68
Laptop,Electronics,South,5,2000,232.41
Headphones,Accessories,North,7,3766,914.49
Smartwatch,Electronics,East,5,4315,1019.91
Printer,Office,West,5,1060,217.96
Camera,Electronics,West,8,9232,880.52
Headphones,Accessories,East,3,384,45.99
Mouse,Accessories,West,2,1148,173.89
Tablet,Electronics,West,1,381,63.18
Smartphone,Electronics,East,6,4056,452.14
Laptop,Electronics,West,2,1486,233.7
Laptop,Electronics,South,1,454,58.4
Smartphone,Electronics,North,7,3612,529.57
Monitor,Accessories,North,1,199,48.92
Monitor,Accessories,South,9,7650,2204.44
Monitor,Accessories,East,4,4024,787.06
Laptop,Electronics,East,3,3021,763.99
Keyboard,Accessories,South,3,2070,163.23
Smartphone,Electronics,West,9,6813,890.05
Tablet,Electronics,East,1,620,165.43
Tablet,Electronics,West,3,627,103.98
Laptop,Electronics,South,6,1884,190.58
Laptop,Electronics,West,5,2670,155.89
Smartphone,Electronics,East,4,4736,1026.24
Smartphone,Electronics,North,5,1785,134.95
Keyboard,Accessories,South,1,725,81.96
Headphones,Accessories,West,6,5682,1365.87
Headphones,Accessories,East,2,1262,190.02
Printer,Office,West,7,6097,567.32
Mouse,Accessories,West,5,3695,463.57
Tablet,Electronics,North,2,1458,154.79
Mouse,Accessories,West,3,3480,560.39
Tablet,Electronics,East,3,2637,468.6
Keyboard,Accessories,East,5,1250,120.74
Monitor,Accessories,East,2,2248,473.21
Smartwatch,Electronics,West,4,1872,418.05
Smartwatch,Electronics,South,6,1290,343.35
Laptop,Electronics,North,8,1544,281.22
Monitor,Accessories,South,1,975,125.85
Printer,Office,South,3,3402,442.67
Tablet,Electronics,East,7,1981,311.44
Smartphone,Electronics,West,6,456,69.15
Tablet,Electronics,South,5,2270,546.56
Keyboard,Accessories,North,8,6360,1871.88
Smartwatch,Electronics,South,1,814,197.91
Laptop,Electronics,South,2,668,90.67
Monitor,Accessories,East,7,2240,622.29
Printer,Office,North,7,4676,520.38
Keyboard,Accessories,East,2,1640,176.87
Keyboard,Accessories,North,2,630,161.04
Smartphone,Electronics,West,9,5553,329.79
Camera,Electronics,East,2,810,229.33
Mouse,Accessories,West,6,1254,205.57
Smartwatch,Electronics,North,2,2302,305.07
Smartphone,Electronics,West,9,10458,1835.21
Tablet,Electronics,South,9,9324,1223.9
Camera,Electronics,North,3,204,20.43
Monitor,Accessories,East,3,483,120.11
Camera,Electronics,West,9,7974,1965.96
Smartwatch,Electronics,East,5,4610,1293.37
Camera,Electronics,West,1,972,261.91
Monitor,Accessories,East,3,1464,264.67
Laptop,Electronics,East,7,4704,513.14
Camera,Electronics,South,1,219,32.67
Mouse,Accessories,North,7,5712,651.27
Keyboard,Accessories,West,6,5154,779.43
Monitor,Accessories,North,9,3096,362.89
Smartphone,Electronics,South,4,2648,707.32
Smartwatch,Electronics,West,2,1428,398.24
Monitor,Accessories,East,4,1632,247.88
Printer,Office,East,7,8379,2009.05
Mouse,Accessories,East,1,357,79.86
Monitor,Accessories,North,1,104,26.86
Keyboard,Accessories,East,3,330,81.86
Tablet,Electronics,West,1,105,25.26
Printer,Office,West,9,7281,1358.17
Laptop,Electronics,South,7,469,47.4
Keyboard,Accessories,North,9,5823,478.22
Laptop,Electronics,North,1,126,26.62
Smartwatch,Electronics,South,4,2052,181.64
Laptop,Electronics,East,8,8032,466.19
Smartphone,Electronics,East,3,633,163.03
Printer,Office,West,8,9280,1596.88
Camera,Electronics,South,8,4400,351.82
Printer,Office,West,1,245,14.5
Keyboard,Accessories,West,7,532,121.03
Headphones,Accessories,West,1,882,215.24
Tablet,Electronics,East,7,4921,798.16
Headphones,Accessories,South,2,1504,108.52
Laptop,Electronics,West,9,1062,73.58
Keyboard,Accessories,East,7,4417,562.79
Headphones,Accessories,North,1,1151,77.22
Camera,Electronics,South,2,2248,636.52
Headphones,Accessories,West,5,1710,338.1
Camera,Electronics,East,2,944,149.38
Laptop,Electronics,South,3,2634,392.21
Monitor,Accessories,North,4,3648,768.61
Keyboard,Accessories,East,8,832,214.81
Camera,Electronics,West,3,177,43.41
Smartwatch,Electronics,South,5,1330,285.78
Camera,Electronics,East,1,907,249.2
Tablet,Electronics,North,7,1897,524.69
Monitor,Accessories,South,8,9416,2125.54
Monitor,Accessories,West,1,430,113.57
Mouse,Accessories,South,2,786,202.87
Camera,Electronics,West,4,1196,223.66
Headphones,Accessories,East,4,3912,550.09
Smartphone,Electronics,South,9,9765,909.99
Laptop,Electronics,South,5,1385,165.55
Smartwatch,Electronics,South,9,5832,1007.54
Tablet,Electronics,West,6,5820,1423.67
Smartphone,Electronics,North,9,7578,466.87
Mouse,Accessories,North,7,3031,417.5
Printer,Office,South,5,4970,1080.12
Smartwatch,Electronics,West,3,957,120.27
Headphones,Accessories,South,6,3684,477.02
Headphones,Accessories,West,3,225,46.96
Laptop,Electronics,East,6,4380,419.3
Keyboard,Accessories,East,8,6032,870.17
Mouse,Accessories,West,1,829,165.05
Camera,Electronics,North,4,3792,997.99
Tablet,Electronics,East,1,477,56.49
Smartwatch,Electronics,North,7,945,124.62
Printer,Office,West,2,724,72.19
Smartphone,Electronics,West,4,2536,285.72
Headphones,Accessories,East,2,130,11.1
Smartphone,Electronics,East,3,435,129.27
Printer,Office,East,8,2320,668.63
Mouse,Accessories,East,9,1233,346.9
Tablet,Electronics,North,9,7452,1212.51
Smartphone,Electronics,North,6,5100,1461.79
Headphones,Accessories,North,3,2247,507.79
Printer,Office,South,7,4522,1137.23
Headphones,Accessories,South,7,2387,463.92
Camera,Electronics,West,4,4596,553.58
Mouse,Accessories,West,5,5320,716.91
Monitor,Accessories,West,5,1765,160.89
Smartphone,Electronics,West,1,328,46.23
Camera,Electronics,South,3,402,106.87
Smartphone,Electronics,East,8,9448,616.5
Tablet,Electronics,North,5,895,180.64
Camera,Electronics,North,4,4480,412.05
Monitor,Accessories,North,1,63,17.29
Smartphone,Electronics,North,4,2644,731.86
Headphones,Accessories,North,6,546,79.94
Smartphone,Electronics,East,7,2947,809.46
Smartwatch,Electronics,North,2,2138,619.29
Keyboard,Accessories,West,3,2331,419.26
Keyboard,Accessories,North,7,5838,631.45
Monitor,Accessories,North,3,750,193.86
Printer,Office,East,5,5920,1679.15
Smartphone,Electronics,North,3,3561,347.31
Headphones,Accessories,East,8,1296,374.8
Monitor,Accessories,South,8,7104,529.35
Laptop,Electronics,East,8,6952,871.2
Smartphone,Electronics,West,6,3252,834.84
Laptop,Electronics,East,7,4550,892.73
Tablet,Electronics,West,6,1656,139.86
Headphones,Accessories,South,2,272,24.71
Headphones,Accessories,South,5,3445,202.15
Smartphone,Electronics,East,4,1996,396.63
Smartphone,Electronics,East,7,7266,806.79
Printer,Office,East,6,822,231.62
Laptop,Electronics,East,4,1324,227.2
Monitor,Accessories,West,2,1328,358.07
Smartwatch,Electronics,West,3,735,134.53
Tablet,Electronics,East,2,1026,279.76
Camera,Electronics,South,9,5085,1372.83
Mouse,Accessories,West,8,2384,120.28
Smartwatch,Electronics,West,8,6328,412.76
Monitor,Accessories,North,9,7596,1454.15
Tablet,Electronics,East,3,3582,501.47
Keyboard,Accessories,East,1,607,79.78
Printer,Office,West,2,2276,366.5
Smartwatch,Electronics,East,6,930,68.24
Tablet,Electronics,North,2,328,39.51
Camera,Electronics,East,4,4192,216.16
Laptop,Electronics,South,6,1500,183.31
Headphones,Accessories,East,3,2244,301.53
Monitor,Accessories,West,3,2211,292.31
Smartphone,Electronics,South,4,2380,594.86
Printer,Office,East,3,1635,196.73
Laptop,Electronics,North,7,1344,300.88
Laptop,Electronics,North,7,6279,1689.55
Tablet,Electronics,West,4,1500,127.81
Headphones,Accessories,East,7,6335,1137.08
Smartphone,Electronics,West,7,1652,397.49
Smartwatch,Electronics,West,9,3231,670.85
Keyboard,Accessories,South,3,1560,391.11
Keyboard,Accessories,West,7,1134,179.74
Monitor,Accessories,South,4,1064,274.47
Smartwatch,Electronics,West,4,4284,848.44
Mouse,Accessories,South,3,1056,70.54
Monitor,Accessories,North,9,5562,1258.12
Headphones,Accessories,East,2,1198,134.39
Monitor,Accessories,South,1,213,42.94
Tablet,Electronics,North,5,280,23.98
Tablet,Electronics,North,4,3032,347.2
Smartphone,Electronics,West,5,4555,776.65
Keyboard,Accessories,East,8,3488,712.24
Printer,Office,South,3,1086,188.65
Camera,Electronics,West,6,5706,319.46
Smartphone,Electronics,West,9,9162,1625.62
Headphones,Accessories,East,4,1716,364.96
Monitor,Accessories,East,4,1928,232.48
Smartphone,Electronics,East,5,750,207.77
Camera,Electronics,West,7,4690,319.42
Mouse,Accessories,East,5,1745,449.64
Laptop,Electronics,North,1,330,53.42
Mouse,Accessories,East,2,1428,234.49
Keyboard,Accessories,South,8,7056,538.48
Tablet,Electronics,West,3,1248,348.19
Printer,Office,East,4,1336,116.65
Monitor,Accessories,West,3,2565,510.73
Keyboard,Accessories,East,9,2745,660.56
Smartwatch,Electronics,East,6,2124,126.03
Smartwatch,Electronics,East,8,472,116.36
Headphones,Accessories,North,3,1698,304.91
Printer,Office,South,1,445,29.57
Smartphone,Electronics,East,2,2110,548.12
Printer,Office,East,2,2190,477.8
Camera,Electronics,East,5,3005,389.93
Camera,Electronics,South,1,998,196.17
Mouse,Accessories,West,9,9918,1956.17
Tablet,Electronics,East,8,3976,1170.36
Smartwatch,Electronics,North,6,1524,178.36
Monitor,Accessories,South,3,3051,662.23
Smartphone,Electronics,South,6,7110,739.6
Smartphone,Electronics,South,9,10314,2729.6
Smartphone,Electronics,West,6,648,162.3
Monitor,Accessories,South,7,1547,152.59
Monitor,Accessories,South,6,4038,364.11
Camera,Electronics,West,8,3752,537.98
Headphones,Accessories,North,7,7217,1481.7
Monitor,Accessories,East,5,940,266.02
Printer,Office,North,2,944,94.4
Smartphone,Electronics,West,7,7994,908.65
Camera,Electronics,North,8,4080,1079.49
Printer,Office,West,6,990,102.83
Tablet,Electronics,East,7,1582,208.42
Monitor,Accessories,North,2,488,129.02
Smartphone,Electronics,South,7,5229,1058.26
Tablet,Electronics,North,3,2379,523.0
Mouse,Accessories,South,1,504,143.12
Mouse,Accessories,North,5,2505,303.61
Tablet,Electronics,South,5,1765,347.42
Smartphone,Electronics,South,1,668,99.4
Smartwatch,Electronics,North,1,1169,340.69
Keyboard,Accessories,North,9,6696,407.36
Laptop,Electronics,South,1,636,169.24
Smartphone,Electronics,South,4,4380,362.81
Headphones,Accessories,North,8,1080,210.69
Laptop,Electronics,North,7,1981,404.3
Smartphone,Electronics,South,3,2409,531.79
Tablet,Electronics,East,9,9972,1868.64
Laptop,Electronics,West,6,2520,182.59
Headphones,Accessories,South,2,2244,353.83
Keyboard,Accessories,West,7,5775,680.6
Printer,Office,North,6,1938,146.73
Keyboard,Accessories,North,2,310,70.66
Headphones,Accessories,East,6,6024,1706.41
Smartphone,Electronics,North,2,892,222.51
Mouse,Accessories,North,9,4005,652.15
Monitor,Accessories,East,8,8824,597.1
Laptop,Electronics,North,1,1123,318.09
Smartphone,Electronics,North,1,225,51.07
Monitor,Accessories,South,5,3490,205.04
Monitor,Accessories,North,6,3954,676.82
Monitor,Accessories,West,5,1245,345.84
Headphones,Accessories,East,5,1775,234.67
Keyboard,Accessories,South,4,3024,678.26
Printer,Office,West,4,500,85.96
Headphones,Accessories,North,3,3291,274.1
Headphones,Accessories,East,8,5880,436.85
Tablet,Electronics,West,3,2682,584.69
Keyboard,Accessories,West,4,4312,388.48
Printer,Office,West,4,1792,417.99
Laptop,Electronics,North,2,1382,211.11
Mouse,Accessories,South,2,906,59.06
Smartphone,Electronics,West,5,790,216.12
Camera,Electronics,North,8,6928,1415.16
Camera,Electronics,North,1,276,42.68
Smartwatch,Electronics,East,6,3372,934.42
Printer,Office,South,3,2019,265.44
Headphones,Accessories,South,4,4532,987.32
Camera,Electronics,North,5,1030,64.81
Laptop,Electronics,North,1,632,89.14
Laptop,Electronics,West,7,7280,1450.82
Laptop,Electronics,West,1,770,121.75
Smartphone,Electronics,West,5,2985,698.22
Smartphone,Electronics,West,6,5532,552.74
Smartphone,Electronics,East,1,63,11.91
Tablet,Electronics,South,4,1324,127.07
Camera,Electronics,West,5,4435,954.12
Smartphone,Electronics,East,6,882,184.48
Mouse,Accessories,South,8,3568,334.13
Monitor,Accessories,North,6,1704,199.94
Smartwatch,Electronics,South,2,1306,228.41
Headphones,Accessories,South,4,4664,294.05
Laptop,Electronics,North,1,1054,288.15
Smartwatch,Electronics,East,4,4168,494.48
Smartwatch,Electronics,South,6,3402,857.61
Smartwatch,Electronics,South,7,1253,354.23
Mouse,Accessories,East,9,738,64.42
Monitor,Accessories,North,1,952,157.7
Camera,Electronics,South,6,5106,1500.2
Monitor,Accessories,East,3,1671,94.52
Smartwatch,Electronics,North,3,564,108.35
Laptop,Electronics,North,5,1540,411.83
Tablet,Electronics,West,8,1848,351.02
Laptop,Electronics,West,1,380,94.35
Keyboard,Accessories,South,5,4575,771.24
Headphones,Accessories,East,7,8288,785.54
Printer,Office,West,1,1012,172.67
Camera,Electronics,West,6,5250,1228.49
Tablet,Electronics,West,4,1780,420.28
Smartwatch,Electronics,West,4,2580,602.5
Keyboard,Accessories,South,6,3396,914.17
Laptop,Electronics,South,8,4832,1261.06
Camera,Electronics,West,9,10143,1690.66
Mouse,Accessories,South,1,384,35.36
Monitor,Accessories,South,4,2536,495.13
Laptop,Electronics,East,8,4256,372.95
Headphones,Accessories,South,2,2170,522.0
Headphones,Accessories,South,6,2790,719.15
Tablet,Electronics,North,3,3366,882.29
Laptop,Electronics,East,7,455,80.0
Monitor,Accessories,South,3,1827,94.4
Tablet,Electronics,West,8,6584,544.62
Smartphone,Electronics,North,8,9408,552.44
Smartphone,Electronics,East,8,5264,1051.5
Smartwatch,Electronics,East,8,5736,937.62
Keyboard,Accessories,South,3,2580,173.89
Camera,Electronics,East,7,2968,485.13
Mouse,Accessories,South,5,5875,789.23
Monitor,Accessories,South,8,5976,1016.99
Camera,Electronics,North,5,1775,486.37
Mouse,Accessories,West,3,1227,113.38
Monitor,Accessories,East,8,5632,1620.04
Headphones,Accessories,West,3,2367,222.26
Headphones,Accessories,West,3,2577,196.37
Tablet,Electronics,South,8,984,73.84
Mouse,Accessories,West,3,3408,205.76
Smartwatch,Electronics,South,6,7056,586.91
Camera,Electronics,West,4,764,178.83
Headphones,Accessories,East,9,2754,259.16
Smartphone,Electronics,South,4,1624,333.74
Mouse,Accessories,North,3,1842,112.85
Headphones,Accessories,North,1,967,59.98
Tablet,Electronics,South,3,726,71.06
Printer,Office,South,5,1640,391.36
Keyboard,Accessories,North,8,3080,776.6
Camera,Electronics,East,9,1791,187.28
Smartwatch,Electronics,West,3,3360,465.02
Mouse,Accessories,South,3,1494,178.5
Smartwatch,Electronics,South,1,1140,85.75
Smartphone,Electronics,South,1,787,120.38
Headphones,Accessories,South,5,5665,332.46
Keyboard,Accessories,East,9,2070,457.39
Smartphone,Electronics,South,5,910,116.47
Smartwatch,Electronics,South,2,626,159.49
Keyboard,Accessories,North,8,5160,1057.41
Monitor,Accessories,East,7,4648,1240.98
Monitor,Accessories,South,1,618,81.04
Laptop,Electronics,North,3,213,30.68
Mouse,Accessories,West,6,4632,799.16
Tablet,Electronics,South,4,2232,531.12
Tablet,Electronics,West,2,1708,441.43
Smartphone,Electronics,East,6,5766,675.17
Keyboard,Accessories,South,2,2372,275.88
Headphones,Accessories,North,1,1112,100.47
Smartphone,Electronics,West,6,5724,1640.19
Camera,Electronics,South,4,912,81.65
Camera,Electronics,East,7,7077,1921.73
Camera,Electronics,South,6,606,104.85
Monitor,Accessories,East,5,4795,819.12
Headphones,Accessories,East,3,1683,129.64
Mouse,Accessories,West,1,1043,151.13
Printer,Office,West,1,293,29.58
Monitor,Accessories,North,3,1347,196.59
Monitor,Accessories,West,4,2336,509.49
Printer,Office,South,7,6713,457.99
Headphones,Accessories,East,7,1785,233.77
Tablet,Electronics,North,4,3960,632.76
Tablet,Electronics,North,8,6960,1913.58
Headphones,Accessories,East,1,85,17.71
Tablet,Electronics,West,6,5124,501.5
Smartwatch,Electronics,West,3,3153,224.29
Mouse,Accessories,East,5,5990,1403.53
Tablet,Electronics,West,7,1169,69.41
Laptop,Electronics,North,5,3225,523.32
Smartwatch,Electronics,North,7,560,163.16
Monitor,Accessories,South,7,6559,1141.32
Camera,Electronics,West,7,2597,766.32
Mouse,Accessories,South,7,5761,362.48
Keyboard,Accessories,East,2,252,67.37
Printer,Office,West,7,5922,1323.1
Headphones,Accessories,West,8,2304,291.46
Printer,Office,East,4,3284,354.4
Mouse,Accessories,South,7,4977,516.7
Headphones,Accessories,North,6,3024,336.28
Printer,Office,West,5,1830,437.35
Camera,Electronics,East,2,2092,366.12
Camera,Electronics,North,9,4959,479.28
Smartwatch,Electronics,West,2,384,38.41
Printer,Office,South,5,1025,246.15
Monitor,Accessories,East,4,1060,260.21
Camera,Electronics,South,9,9423,652.06
Keyboard,Accessories,South,6,3648,1050.08
Monitor,Accessories,North,8,7792,913.12
Tablet,Electronics,North,4,4228,947.76
Printer,Office,West,5,1035,187.12
Tablet,Electronics,West,9,6507,1075.51
Laptop,Electronics,North,2,256,35.66
Keyboard,Accessories,North,9,7542,1477.49
Mouse,Accessories,North,3,1335,176.44
Headphones,Accessories,South,3,1308,73.28
Headphones,Accessories,West,8,2488,151.95
Laptop,Electronics,North,7,7777,746.84
Camera,Electronics,East,3,828,117.95
Keyboard,Accessories,South,6,3240,758.19
Headphones,Accessories,West,7,1365,312.04
Monitor,Accessories,West,2,760,192.42
Camera,Electronics,East,9,909,138.04
Smartwatch,Electronics,North,4,1264,371.92
Smartwatch,Electronics,South,4,4608,963.5
Mouse,Accessories,West,5,3670,462.97
Monitor,Accessories,North,1,579,133.57
Tablet,Electronics,West,7,2149,121.69
Laptop,Electronics,East,4,576,156.59
Smartwatch,Electronics,East,4,3928,325.32
Mouse,Accessories,East,9,8082,1783.55
Monitor,Accessories,West,3,975,291.81
Keyboard,Accessories,South,2,630,86.07
Mouse,Accessories,West,6,2214,322.73
Laptop,Electronics,West,7,1092,274.77
Headphones,Accessories,West,4,4356,614.62
Smartphone,Electronics,North,7,1806,308.92
Smartwatch,Electronics,East,3,2829,362.16
Monitor,Accessories,South,9,1188,348.31
Headphones,Accessories,East,3,3033,458.41
Smartwatch,Electronics,West,5,2095,193.93
Camera,Electronics,North,7,7077,804.15
Laptop,Electronics,East,7,7301,2026.43
Smartphone,Electronics,North,3,2193,477.95
Camera,Electronics,South,7,2667,363.5
Tablet,Electronics,South,3,3393,313.45
Headphones,Accessories,West,9,8073,710.23
Printer,Office,South,3,390,112.08
Mouse,Accessories,East,2,1590,147.2
Tablet,Electronics,West,2,992,238.18
Keyboard,Accessories,South,7,2716,512.09
Smartphone,Electronics,East,7,4123,750.05
Tablet,Electronics,East,7,1120,111.79
Smartwatch,Electronics,South,3,945,135.59
Monitor,Accessories,West,4,1800,170.19
Camera,Electronics,West,3,861,173.49
Monitor,Accessories,North,4,3792,1092.85
Headphones,Accessories,North,3,1962,469.94
Printer,Office,South,6,3954,690.1
Laptop,Electronics,North,9,8793,2262.43
Smartphone,Electronics,South,7,4144,426.39
Mouse,Accessories,North,6,6576,815.56
Mouse,Accessories,South,5,4915,1196.6
Printer,Office,North,4,2604,271.22
Printer,Office,North,4,1060,155.78
Monitor,Accessories,West,7,2989,197.58
Mouse,Accessories,North,8,8664,2131.16
Smartwatch,Electronics,South,5,5125,268.39
Tablet,Electronics,West,9,3762,484.75
Printer,Office,West,1,235,54.87
Mouse,Accessories,East,2,1718,218.82
Laptop,Electronics,North,8,6160,1617.32
Printer,Office,South,6,1326,338.66
Keyboard,Accessories,West,6,6888,945.07
Printer,Office,West,4,1544,106.02
Headphones,Accessories,South,4,4000,964.43
Printer,Office,East,1,1037,56.89
Smartwatch,Electronics,West,7,3094,463.72
Keyboard,Accessories,East,4,856,72.99
Mouse,Accessories,West,9,7506,594.28
Laptop,Electronics,East,5,5465,546.33
Monitor,Accessories,West,7,7833,1843.94
Laptop,Electronics,West,6,6234,1829.07
Smartphone,Electronics,West,4,3888,284.17
Monitor,Accessories,West,2,798,79.25
Monitor,Accessories,North,8,1600,305.3
Tablet,Electronics,South,7,630,83.28
Keyboard,Accessories,West,6,1962,301.57
Headphones,Accessories,West,6,4998,863.82
Monitor,Accessories,West,5,3105,744.26
Mouse,Accessories,North,7,3892,350.57
Camera,Electronics,East,4,4492,670.42
Mouse,Accessories,South,4,460,92.24
Smartwatch,Electronics,West,8,4472,290.79
Keyboard,Accessories,East,6,2670,782.28
Laptop,Electronics,South,4,3724,276.85
Camera,Electronics,North,6,6144,754.18
Smartwatch,Electronics,West,9,4599,618.89
Keyboard,Accessories,East,2,1696,500.56
Laptop,Electronics,East,1,1083,152.5
Smartphone,Electronics,South,5,870,48.87
Laptop,Electronics,East,3,3183,868.73
Tablet,Electronics,North,7,4620,990.79
Monitor,Accessories,North,6,2856,226.53
Smartphone,Electronics,South,8,7456,1702.48
Camera,Electronics,East,1,673,114.42
Smartwatch,Electronics,South,7,2632,738.93
Printer,Office,East,1,1175,171.51
Headphones,Accessories,North,5,310,32.01
Printer,Office,North,9,2484,655.54
Monitor,Accessories,West,3,1986,361.33
Printer,Office,West,7,4109,1037.64
Mouse,Accessories,North,1,693,62.75
Camera,Electronics,North,5,2520,487.18
Smartphone,Electronics,West,8,7424,1878.07
Monitor,Accessories,East,8,6488,1438.34
Tablet,Electronics,South,5,1255,236.25
Camera,Electronics,South,5,1755,358.01
Keyboard,Accessories,West,8,2712,247.84
Smartwatch,Electronics,North,7,2919,325.35
Laptop,Electronics,North,1,58,10.79
Smartwatch,Electronics,West,8,5504,1196.78
Laptop,Electronics,West,5,1190,346.79
Smartwatch,Electronics,East,7,6573,460.28
Smartphone,Electronics,South,3,768,72.67
Monitor,Accessories,East,3,2640,199.97
Tablet,Electronics,North,8,1048,107.56
Smartwatch,Electronics,North,6,4692,1044.97
Printer,Office,South,9,8496,2316.03
Keyboard,Accessories,West,8,8272,2391.88
Keyboard,Accessories,East,6,2592,404.89
Keyboard,Accessories,North,5,2600,537.11
Laptop,Electronics,South,2,574,70.16
Headphones,Accessories,West,2,1344,297.99
Headphones,Accessories,North,9,5256,1296.65
Keyboard,Accessories,South,3,858,246.86
Printer,Office,North,1,1091,258.3
Tablet,Electronics,North,4,724,186.95
Laptop,Electronics,South,4,3244,357.55
Headphones,Accessories,West,6,5370,1045.1
Smartwatch,Electronics,West,1,1142,306.84
Smartwatch,Electronics,West,7,1988,430.59
Mouse,Accessories,South,9,1620,294.6
Monitor,Accessories,East,9,4977,745.81
Keyboard,Accessories,East,2,1340,129.89
Laptop,Electronics,West,1,625,125.9
Smartphone,Electronics,North,2,380,101.7
Laptop,Electronics,North,6,4200,1013.7
Smartwatch,Electronics,North,3,2601,463.36
Camera,Electronics,South,5,3135,277.28
Mouse,Accessories,South,2,1254,250.09
Smartwatch,Electronics,East,8,3272,460.82
Keyboard,Accessories,North,6,4446,1217.86
Printer,Office,East,9,7020,623.97
Camera,Electronics,East,8,6520,1073.62
Tablet,Electronics,North,5,5660,641.69
Monitor,Accessories,East,4,1308,368.28
Laptop,Electronics,South,1,225,48.82
Laptop,Electronics,West,6,360,22.16
Printer,Office,West,9,7083,994.47
Tablet,Electronics,West,1,99,12.79
Tablet,Electronics,South,8,5176,619.45
Tablet,Electronics,West,8,2840,262.62
Printer,Office,South,7,7896,484.76
Smartwatch,Electronics,East,4,4324,833.11
Camera,Electronics,East,4,1084,134.42
Smartwatch,Electronics,North,2,300,48.69
Laptop,Electronics,East,1,687,62.82
Monitor,Accessories,East,7,637,87.86
Printer,Office,East,2,1868,307.32
Camera,Electronics,East,1,712,89.5
Mouse,Accessories,North,2,1366,298.32
Keyboard,Accessories,East,1,706,63.82
Monitor,Accessories,East,8,2256,468.52
Printer,Office,North,3,1335,263.04
Printer,Office,North,8,4128,315.48
Camera,Electronics,North,9,4554,1031.09
Monitor,Accessories,East,8,2024,203.11
Camera,Electronics,East,7,6468,398.23
Monitor,Accessories,East,3,2025,355.59
Smartphone,Electronics,West,7,5978,1791.25
Keyboard,Accessories,West,8,6224,790.27
Camera,Electronics,West,6,4146,700.46
Printer,Office,East,4,2396,608.5
Laptop,Electronics,South,4,2708,302.14
Keyboard,Accessories,West,2,1626,354.49
Printer,Office,West,5,1145,244.72
Smartwatch,Electronics,North,7,4459,1037.27
Tablet,Electronics,South,3,1476,85.16
Monitor,Accessories,West,2,1390,316.31
Mouse,Accessories,South,3,1785,244.52
Tablet,Electronics,East,8,2968,530.3
Monitor,Accessories,East,6,4938,847.89
Camera,Electronics,East,8,1440,402.06
Smartwatch,Electronics,East,2,186,32.48
Headphones,Accessories,North,6,576,162.75
Mouse,Accessories,West,3,1245,229.73
Keyboard,Accessories,South,9,4572,279.54
Smartwatch,Electronics,East,3,318,49.93
Headphones,Accessories,South,3,2433,515.28
Smartwatch,Electronics,West,1,952,179.4
Laptop,Electronics,East,6,5568,958.59
Camera,Electronics,South,7,7791,1844.69
Smartwatch,Electronics,West,9,4014,204.48
Smartphone,Electronics,North,4,228,29.37
Camera,Electronics,North,1,635,101.09
Printer,Office,West,1,714,209.69
Keyboard,Accessories,West,4,316,32.79
Tablet,Electronics,West,9,4149,605.52
Mouse,Accessories,West,2,384,99.02
Smartwatch,Electronics,North,5,720,63.84
Mouse,Accessories,West,7,1771,171.26
Laptop,Electronics,West,9,2772,432.77
Printer,Office,East,9,9477,2443.62
Monitor,Accessories,North,8,7200,804.53
Smartphone,Electronics,North,3,3477,862.21
Smartphone,Electronics,North,3,342,89.67
Mouse,Accessories,East,9,2538,575.41
Printer,Office,West,3,3093,584.23
Headphones,Accessories,South,8,2592,526.38
Headphones,Accessories,East,8,2984,742.31
Monitor,Accessories,North,9,10530,2387.63
Printer,Office,North,2,2372,206.42
Camera,Electronics,East,9,5661,1104.02
Printer,Office,East,2,1710,468.76
Headphones,Accessories,North,4,524,52.31
Camera,Electronics,North,4,564,32.8
Tablet,Electronics,South,8,9056,872.48
Keyboard,Accessories,South,2,684,71.39
Printer,Office,South,6,6276,1396.25
Monitor,Accessories,West,2,1832,489.21
Keyboard,Accessories,East,8,5912,1143.04
Monitor,Accessories,South,7,6769,1549.67
Monitor,Accessories,North,1,342,37.64
Tablet,Electronics,North,8,3296,623.67
Camera,Electronics,North,2,2216,444.36
Smartwatch,Electronics,North,7,4634,1358.44
Mouse,Accessories,East,6,4698,1020.11
Laptop,Electronics,North,7,3038,158.82
Printer,Office,South,2,1878,386.28
Headphones,Accessories,South,2,518,34.22
Headphones,Accessories,North,7,5362,1029.47
Printer,Office,North,9,6183,359.54
Laptop,Electronics,East,8,3272,674.57
Printer,Office,East,2,308,35.32
Printer,Office,South,1,915,129.08
Keyboard,Accessories,West,3,375,95.04
Smartwatch,Electronics,West,9,3150,457.13
Camera,Electronics,South,4,1104,63.57
Keyboard,Accessories,North,2,1384,316.21
Laptop,Electronics,West,5,3170,245.25
Headphones,Accessories,North,6,6774,960.41
Headphones,Accessories,North,4,1340,309.8
Keyboard,Accessories,South,2,1934,157.41
Camera,Electronics,East,7,1540,342.93
Smartphone,Electronics,North,8,2864,195.16
Keyboard,Accessories,East,4,2236,167.78
Headphones,Accessories,South,8,1800,326.03
Keyboard,Accessories,North,7,812,175.55
Laptop,Electronics,South,1,927,103.95
Printer,Office,East,9,9459,604.06
Smartphone,Electronics,West,1,719,40.42
Monitor,Accessories,East,1,545,68.28
Laptop,Electronics,West,1,705,165.16
Camera,Electronics,West,7,8113,1103.57
Smartwatch,Electronics,North,9,1638,183.75
Monitor,Accessories,West,9,6633,1239.11
Tablet,Electronics,West,5,4815,338.31
Smartphone,Electronics,West,4,4512,546.71
Headphones,Accessories,North,2,378,87.37
Laptop,Electronics,South,3,1527,364.05
Monitor,Accessories,North,8,2872,483.94
Keyboard,Accessories,South,8,904,202.35
Tablet,Electronics,South,9,9036,1087.46
Laptop,Electronics,West,5,5845,941.79
Headphones,Accessories,East,3,2481,249.52
Printer,Office,East,2,1632,292.78
Laptop,Electronics,West,6,6246,327.14
Smartwatch,Electronics,North,4,1064,263.48
Monitor,Accessories,South,8,1944,134.94
Headphones,Accessories,South,9,8307,1326.23
Smartwatch,Electronics,South,3,1338,396.08
Camera,Electronics,West,5,5785,1191.11
Keyboard,Accessories,South,8,5368,542.52
Camera,Electronics,West,9,3177,629.96
Printer,Office,West,3,1506,427.84
Monitor,Accessories,East,8,5416,403.52
Tablet,Electronics,South,7,3591,266.59
Smartphone,Electronics,South,6,5406,1277.46
Camera,Electronics,East,5,5940,467.31
Keyboard,Accessories,South,5,1400,273.39
Camera,Electronics,North,5,3250,699.99
Smartwatch,Electronics,South,7,3150,299.7
Laptop,Electronics,East,6,462,71.22
Headphones,Accessories,North,3,2508,498.69
Monitor,Accessories,West,3,2043,479.9
Camera,Electronics,North,6,6528,549.62
Mouse,Accessories,West,4,556,85.63
Keyboard,Accessories,South,3,1704,309.06
Smartphone,Electronics,South,5,4370,1255.36
Camera,Electronics,East,2,1054,243.5
Headphones,Accessories,West,8,1024,201.92
Smartphone,Electronics,East,2,2258,280.76
Smartwatch,Electronics,West,5,705,198.62
Mouse,Accessories,North,9,8442,940.33
Camera,Electronics,North,5,1815,535.22
Printer,Office,West,3,2568,734.6
Smartphone,Electronics,East,4,1192,212.77
Tablet,Electronics,North,1,834,95.54
Laptop,Electronics,North,9,2853,353.09
Laptop,Electronics,East,3,1656,378.84
Monitor,Accessories,South,4,4324,288.12
Tablet,Electronics,North,4,380,72.88
Keyboard,Accessories,East,3,2478,584.37
Headphones,Accessories,North,5,2805,438.89
Keyboard,Accessories,North,9,2628,459.87
Smartphone,Electronics,West,8,7496,2019.32
Laptop,Electronics,East,6,5124,1078.57
Smartwatch,Electronics,East,9,3591,423.0
Mouse,Accessories,West,7,2751,675.95
Printer,Office,North,8,4080,336.96
Printer,Office,North,7,6293,718.49
Headphones,Accessories,South,6,2640,734.44
Headphones,Accessories,South,7,7966,1313.56
Printer,Office,East,9,8595,1312.19
Smartwatch,Electronics,North,6,5178,1321.58
Printer,Office,East,1,958,186.76
Mouse,Accessories,West,6,3414,396.92
Smartphone,Electronics,North,4,2064,359.3
Printer,Office,South,9,3357,405.61
Smartphone,Electronics,South,3,1851,198.71
Laptop,Electronics,West,5,3280,954.17
Smartwatch,Electronics,East,8,8056,605.8
Printer,Office,West,9,3753,1114.87
Headphones,Accessories,South,3,777,147.93
Camera,Electronics,South,6,816,98.75
Smartphone,Electronics,East,1,166,31.72
Headphones,Accessories,East,8,8872,1486.58
Laptop,Electronics,North,1,749,68.17
Keyboard,Accessories,East,6,6720,1113.56
Smartwatch,Electronics,North,6,3012,307.47
Camera,Electronics,North,7,7455,1008.42
Monitor,Accessories,East,4,1272,299.84
Mouse,Accessories,West,9,7200,1469.23
Smartwatch,Electronics,West,4,1932,301.16
Printer,Office,East,6,4890,689.01
Smartwatch,Electronics,East,6,6462,1466.15
Mouse,Accessories,East,6,6126,428.38
Printer,Office,East,1,546,124.1
Mouse,Accessories,North,6,4920,929.18
Keyboard,Accessories,South,6,1092,176.52
Headphones,Accessories,East,5,855,238.83
Camera,Electronics,North,8,6488,1072.86
Camera,Electronics,North,5,5990,1548.62
Mouse,Accessories,North,4,3808,442.33
Keyboard,Accessories,East,2,876,224.01
Smartphone,Electronics,West,4,1852,535.07
Monitor,Accessories,West,4,408,45.2
Mouse,Accessories,East,9,8460,1515.06
Laptop,Electronics,North,5,1660,283.14
Mouse,Accessories,West,1,95,6.97
Mouse,Accessories,West,6,4062,1087.17
Camera,Electronics,West,4,1064,314.84
Mouse,Accessories,South,5,3100,695.28
Headphones,Accessories,North,3,1137,173.92
Printer,Office,North,6,5724,857.33
Monitor,Accessories,East,1,359,78.17
Tablet,Electronics,South,1,226,55.4
Keyboard,Accessories,North,5,1130,254.99
Smartphone,Electronics,West,1,158,32.89
Laptop,Electronics,North,1,450,75.89
Monitor,Accessories,West,5,5210,1338.8
Laptop,Electronics,South,3,1737,353.17
Laptop,Electronics,West,5,1600,242.25
Tablet,Electronics,East,2,2178,574.4
Printer,Office,East,3,1872,532.81
Mouse,Accessories,South,4,3264,639.8
Camera,Electronics,North,6,6384,1754.15
Smartwatch,Electronics,East,5,1910,463.07
Smartwatch,Electronics,North,8,4048,666.1
Camera,Electronics,North,3,1074,240.44
Printer,Office,North,2,848,129.96
Printer,Office,East,8,3336,492.76
Laptop,Electronics,South,4,2408,721.8
Monitor,Accessories,South,1,436,73.89
Smartwatch,Electronics,South,8,8792,2045.54
Keyboard,Accessories,East,3,2889,604.45
Camera,Electronics,East,4,3296,460.98
Printer,Office,East,1,714,99.13
Camera,Electronics,West,5,3140,853.66
Laptop,Electronics,South,6,5484,540.4
Camera,Electronics,South,5,1825,221.47
Smartwatch,Electronics,East,5,1815,468.62
Keyboard,Accessories,West,9,4032,876.91
Headphones,Accessories,North,9,5571,1523.81
Smartwatch,Electronics,East,5,2725,308.29
Tablet,Electronics,West,2,374,49.26
Smartphone,Electronics,North,3,300,38.44
Mouse,Accessories,West,5,2050,157.13
Smartphone,Electronics,North,4,344,25.7
Keyboard,Accessories,East,9,5706,1704.8
Smartwatch,Electronics,North,5,830,58.28
Tablet,Electronics,West,6,3120,274.65
Printer,Office,East,7,8057,1652.27
Printer,Office,North,1,624,106.92
Headphones,Accessories,North,2,1420,93.59
Keyboard,Accessories,South,4,2936,204.55
Tablet,Electronics,East,1,653,93.78
Smartphone,Electronics,South,2,2032,149.7
Tablet,Electronics,East,7,3500,919.35
Printer,Office,North,8,7264,1318.0
Smartphone,Electronics,South,5,5465,719.92
Tablet,Electronics,North,2,1852,168.92
Camera,Electronics,North,4,784,192.77
Monitor,Accessories,South,8,5456,898.06
Laptop,Electronics,South,9,594,93.92
Keyboard,Accessories,North,9,9900,576.8
Printer,Office,West,1,570,57.07
Laptop,Electronics,South,5,5345,1060.46
Laptop,Electronics,West,3,510,110.38
Keyboard,Accessories,South,1,551,86.84
Mouse,Accessories,West,2,1226,124.25
Keyboard,Accessories,South,8,5040,465.36
Printer,Office,South,8,9528,1942.35
Smartphone,Electronics,East,9,7731,2178.05
Camera,Electronics,West,6,6366,318.97
Smartphone,Electronics,East,4,1896,191.7
Keyboard,Accessories,North,2,430,114.91
Camera,Electronics,West,8,3152,337.36
Printer,Office,South,5,3385,774.86
Mouse,Accessories,South,3,2214,127.34
Headphones,Accessories,South,5,720,214.31
Tablet,Electronics,East,1,123,12.36
Tablet,Electronics,West,5,4560,1180.8
Printer,Office,South,6,3696,597.66
Keyboard,Accessories,North,5,3670,790.67
Tablet,Electronics,East,7,3395,350.26
Keyboard,Accessories,East,2,1122,100.78
Headphones,Accessories,South,2,2376,580.26
Laptop,Electronics,North,2,1168,198.4
Monitor,Accessories,North,5,4590,650.05
Monitor,Accessories,North,5,1980,249.22
Headphones,Accessories,South,1,282,72.5
Smartphone,Electronics,South,6,2970,425.9
Camera,Electronics,West,4,2792,725.35
Smartwatch,Electronics,North,2,2232,150.12
Laptop,Electronics,West,2,2386,381.83
Smartphone,Electronics,East,1,995,149.86
Monitor,Accessories,East,9,2331,558.0
Tablet,Electronics,East,9,7767,2172.19
Printer,Office,South,8,672,186.37
Monitor,Accessories,West,5,4375,987.96
Tablet,Electronics,West,3,2832,317.76
Camera,Electronics,South,7,2296,138.93
Smartphone,Electronics,North,1,92,14.88
Tablet,Electronics,North,3,3336,798.26
Laptop,Electronics,East,1,989,149.99
Tablet,Electronics,West,8,8336,782.8
Laptop,Electronics,West,5,2130,318.99
Tablet,Electronics,West,5,2465,497.19
Monitor,Accessories,North,6,3438,631.95
Tablet,Electronics,North,8,2464,216.51
Tablet,Electronics,South,5,4900,347.25
Printer,Office,East,1,730,55.72
Keyboard,Accessories,North,3,2991,716.54
Camera,Electronics,North,1,930,136.16
Monitor,Accessories,West,2,366,31.23
Mouse,Accessories,West,9,7344,1417.84
Laptop,Electronics,North,7,728,64.82
Smartphone,Electronics,East,7,6013,1544.51
Keyboard,Accessories,East,2,226,38.52
Smartwatch,Electronics,East,9,1134,267.26
Printer,Office,West,9,9324,2416.93
Laptop,Electronics,West,7,7672,2046.38
Monitor,Accessories,East,6,1170,104.63
Headphones,Accessories,South,1,393,40.34
Smartwatch,Electronics,South,3,2943,234.27
Smartwatch,Electronics,South,9,6642,394.48
Keyboard,Accessories,West,9,2853,564.05
Smartwatch,Electronics,East,9,10530,1777.32
Mouse,Accessories,East,6,2886,355.32
Keyboard,Accessories,North,7,8071,435.51
Mouse,Accessories,South,1,1058,207.55
Monitor,Accessories,South,8,448,45.43
Printer,Office,South,8,4784,769.91
Headphones,Accessories,East,5,3735,423.94
Keyboard,Accessories,East,7,7252,1357.27
Laptop,Electronics,East,3,321,72.13
Laptop,Electronics,South,9,1746,260.5
Smartwatch,Electronics,North,6,6510,1539.18
Smartwatch,Electronics,South,8,7536,1197.09
Tablet,Electronics,South,6,4254,938.66
Mouse,Accessories,East,2,2372,392.07
Keyboard,Accessories,East,3,189,33.94
Monitor,Accessories,West,9,4581,250.06
Camera,Electronics,South,4,2228,293.25
Tablet,Electronics,South,7,7931,504.39
Headphones,Accessories,East,7,4221,358.02
Headphones,Accessories,East,4,1636,134.85
Printer,Office,South,5,4375,347.43
Printer,Office,East,9,5085,488.63
Smartwatch,Electronics,North,2,244,16.78
Laptop,Electronics,North,3,1371,104.66
Smartwatch,Electronics,North,4,360,42.66
Smartphone,Electronics,South,2,1408,193.09
Smartphone,Electronics,West,2,2204,523.82
Smartwatch,Electronics,East,9,3654,581.9
Printer,Office,West,8,1720,401.26
Camera,Electronics,North,3,1209,320.61
Tablet,Electronics,South,3,3522,285.91
Monitor,Accessories,North,7,3675,236.8
Smartphone,Electronics,West,5,3795,239.15
Smartphone,Electronics,West,9,8667,1597.49
Mouse,Accessories,West,3,315,78.41
Tablet,Electronics,East,4,2584,394.52
Tablet,Electronics,South,6,510,151.91
Mouse,Accessories,West,3,1989,419.61
Smartwatch,Electronics,South,1,281,67.85
Keyboard,Accessories,East,4,2424,544.07
Smartphone,Electronics,North,4,2516,689.29
Tablet,Electronics,West,1,414,50.26
Camera,Electronics,South,9,5895,442.49
Tablet,Electronics,East,9,5238,1152.42
Headphones,Accessories,East,9,2187,413.76
Headphones,Accessories,East,8,7256,558.79
Monitor,Accessories,North,2,1984,125.13
Tablet,Electronics,West,6,4722,522.16
Monitor,Accessories,North,5,3875,768.74
Tablet,Electronics,South,7,7161,630.76
Laptop,Electronics,West,7,6587,1173.91
Laptop,Electronics,North,8,6760,1097.63
Tablet,Electronics,West,2,210,42.04
Keyboard,Accessories,South,9,4302,475.96
Smartwatch,Electronics,West,4,3224,871.53
Smartwatch,Electronics,East,4,2792,170.96
Laptop,Electronics,East,3,1773,183.15
Keyboard,Accessories,North,2,116,13.67
Smartphone,Electronics,North,3,183,41.82
Keyboard,Accessories,South,4,1472,387.27
Tablet,Electronics,West,7,546,117.9
Mouse,Accessories,South,1,1138,243.36
Keyboard,Accessories,East,5,2285,279.9
Printer,Office,East,5,3030,811.92
Keyboard,Accessories,South,8,4536,627.13
Smartwatch,Electronics,West,7,5453,1592.37
Monitor,Accessories,South,4,964,184.03
Tablet,Electronics,West,3,1923,274.0
Monitor,Accessories,North,4,4464,1069.63
Printer,Office,East,6,1728,247.86
Laptop,Electronics,North,7,5096,971.5
Mouse,Accessories,North,4,796,75.15
Mouse,Accessories,West,4,780,162.72
Tablet,Electronics,West,4,4252,445.18
Laptop,Electronics,South,4,4596,947.45
Smartphone,Electronics,South,8,536,57.08
Smartphone,Electronics,West,2,1612,344.37
Smartwatch,Electronics,West,8,8560,991.94
Printer,Office,East,3,3282,492.59
Mouse,Accessories,East,7,3423,435.06
Headphones,Accessories,South,4,1208,115.13
Mouse,Accessories,West,6,888,210.39
Monitor,Accessories,South,9,3033,177.92
Keyboard,Accessories,North,6,3594,610.77
Keyboard,Accessories,East,2,416,68.58
Monitor,Accessories,North,2,340,39.12
Smartphone,Electronics,East,7,6867,502.06
Smartphone,Electronics,South,6,2310,202.98
Camera,Electronics,East,2,626,168.82
Keyboard,Accessories,North,5,1765,229.06
Laptop,Electronics,North,1,104,18.67
Keyboard,Accessories,North,9,3591,342.18
Camera,Electronics,West,6,4116,381.35
Printer,Office,South,4,3212,514.92
Monitor,Accessories,East,1,351,31.95
Printer,Office,South,6,4854,510.88
Keyboard,Accessories,South,5,3090,242.15
Smartwatch,Electronics,East,4,3968,480.72
Laptop,Electronics,East,1,839,228.72
Mouse,Accessories,South,9,3573,550.44
Smartwatch,Electronics,North,1,496,93.31
Keyboard,Accessories,North,3,1239,143.35
Smartwatch,Electronics,South,5,465,71.23
Headphones,Accessories,East,3,1989,299.79
Camera,Electronics,South,8,2192,441.77
Headphones,Accessories,West,8,3600,272.51
Smartwatch,Electronics,West,6,732,136.59
Keyboard,Accessories,North,1,776,172.19
Smartwatch,Electronics,South,1,70,10.64
Monitor,Accessories,West,4,1000,198.92
Mouse,Accessories,West,7,8288,1945.03
Smartphone,Electronics,East,6,1254,360.87
Tablet,Electronics,South,4,2932,597.65
Headphones,Accessories,North,1,541,52.5
Monitor,Accessories,East,5,3505,678.18
Mouse,Accessories,East,8,2632,262.55
Keyboard,Accessories,South,6,3198,913.76
Smartphone,Electronics,West,8,6576,1337.38
Tablet,Electronics,East,6,6228,1756.82
Laptop,Electronics,East,6,5508,360.28
Headphones,Accessories,West,4,3996,965.26
Headphones,Accessories,South,3,2601,363.64
Smartphone,Electronics,West,8,5832,662.72
Camera,Electronics,West,4,3360,540.38
Tablet,Electronics,West,3,2262,245.66
Monitor,Accessories,West,9,4140,301.12
Mouse,Accessories,North,9,558,38.86
Mouse,Accessories,South,7,2100,131.67
Laptop,Electronics,South,7,7392,2063.23
Keyboard,Accessories,North,6,624,66.99
Laptop,Electronics,East,1,918,180.31
Printer,Office,East,2,1218,218.88
Headphones,Accessories,West,7,2380,431.43
Headphones,Accessories,South,9,8514,1291.97
Smartphone,Electronics,West,2,2354,371.34
Smartphone,Electronics,South,6,1704,193.18
Tablet,Electronics,North,3,465,98.93
Camera,Electronics,West,5,2445,146.6
Monitor,Accessories,East,3,2580,448.02
Camera,Electronics,West,5,3685,476.2
Camera,Electronics,South,2,2092,549.42
Tablet,Electronics,East,8,5376,429.84
Camera,Electronics,South,2,376,99.16
Laptop,Electronics,North,1,707,100.16
Monitor,Accessories,South,4,1876,221.18
Keyboard,Accessories,West,1,960,95.88
Headphones,Accessories,North,2,1840,367.7
Smartwatch,Electronics,East,3,2118,317.08
Headphones,Accessories,East,4,4740,607.81
Laptop,Electronics,East,1,58,11.25
Tablet,Electronics,South,8,9328,1008.6
Mouse,Accessories,West,6,5190,898.86
Smartwatch,Electronics,South,7,7700,1573.41
Tablet,Electronics,South,2,1082,182.1
Smartwatch,Electronics,East,5,550,28.72
Tablet,Electronics,West,6,3384,503.86
Mouse,Accessories,South,3,237,49.94
Smartwatch,Electronics,South,4,1832,528.69
Camera,Electronics,North,4,3424,845.68
Keyboard,Accessories,West,4,2336,453.04
Laptop,Electronics,North,1,761,61.15
Headphones,Accessories,South,6,5346,351.93
Monitor,Accessories,North,9,6696,1224.22
Monitor,Accessories,East,6,1050,172.83
Headphones,Accessories,East,9,7083,1353.39
Camera,Electronics,West,6,1272,336.3
Keyboard,Accessories,North,4,692,181.31
Headphones,Accessories,North,9,2997,163.34
Tablet,Electronics,West,7,4137,221.66
Smartwatch,Electronics,East,7,5726,976.14
Tablet,Electronics,North,9,1359,187.72
Laptop,Electronics,North,2,1584,406.25
Smartwatch,Electronics,South,7,4585,383.97
Monitor,Accessories,West,5,2945,672.35
Printer,Office,South,9,8370,1064.65
Tablet,Electronics,West,6,2676,646.7
Camera,Electronics,South,4,4644,277.26
Smartphone,Electronics,West,3,3588,958.84
Smartwatch,Electronics,East,9,4950,1402.67
Headphones,Accessories,West,2,1944,332.55
Camera,Electronics,West,5,2525,699.74
Headphones,Accessories,East,1,773,181.52
Headphones,Accessories,North,5,505,93.85
Monitor,Accessories,West,6,3828,1102.86
Monitor,Accessories,West,7,1575,313.96
Mouse,Accessories,South,1,106,7.24
Smartwatch,Electronics,South,8,2888,149.92
Keyboard,Accessories,West,3,1851,348.9
Smartwatch,Electronics,North,2,1206,307.02
Tablet,Electronics,East,4,3532,665.2
Laptop,Electronics,West,3,1368,302.29
Headphones,Accessories,East,5,5795,310.6
Laptop,Electronics,East,2,208,11.53
Smartwatch,Electronics,East,4,1284,171.02
Smartwatch,Electronics,North,5,3625,245.52
Monitor,Accessories,North,9,2097,210.59
Laptop,Electronics,South,6,2364,639.29
Laptop,Electronics,South,9,8550,1970.98
Monitor,Accessories,South,6,5004,1197.36
Printer,Office,West,5,2275,313.5
Mouse,Accessories,East,4,2956,451.6
Headphones,Accessories,West,9,8703,1562.88
Mouse,Accessories,North,1,746,131.25
Camera,Electronics,North,1,379,39.41
Smartphone,Electronics,West,6,930,213.6
Printer,Office,North,4,3640,348.93
